57f7cdbbf90a8310f062b159,../images/12941/上衣/57f7cdbbf90a8310f062b159.jpg,#333333,1,0,1,1,0,2
57f7cdb4f90a8310f062b145,../images/13859/上衣/57f7cdb4f90a8310f062b145.jpg,#663333,0,0,1,1,0,2
57f7cdb0f90a8310f062b13d,../images/13883/上衣/57f7cdb0f90a8310f062b13d.jpg,#ffffff,1,0,1,1,0,2
57f7cdb0f90a8310f062b13b,../images/13947/上衣/57f7cdb0f90a8310f062b13b.jpg,#333333,1,3,1,1,1,2
57f7cdadf90a8310f062b137,../images/14243/上衣/57f7cdadf90a8310f062b137.jpg,#ffffff,1,1,1,1,0,2
57f7cda9f90a8310f062b129,../images/14611/上衣/57f7cda9f90a8310f062b129.jpg,#9999cc,1,1,1,1,0,2
57f7cda7f90a8310f062b121,../images/14955/上衣/57f7cda7f90a8310f062b121.jpg,#333333,1,0,1,0,0,2
57f7cda2f90a8310f062b118,../images/16267/上衣/57f7cda2f90a8310f062b118.jpg,#cccccc,1,1,0,1,0,2
57f7cda3f90a8310f062b119,../images/16267/上衣/57f7cda3f90a8310f062b119.jpg,#cccccc,1,2,1,1,0,2
57f7cda3f90a8310f062b11a,../images/16267/上衣/57f7cda3f90a8310f062b11a.jpg,#ffcccc,0,1,1,1,0,2
57f7cd99f90a8310f062b0ff,../images/16783/上衣/57f7cd99f90a8310f062b0ff.jpg,#333333,1,2,1,1,0,2
57f7cd9af90a8310f062b103,../images/16793/上衣/57f7cd9af90a8310f062b103.jpg,#333333,1,0,1,1,0,2
57f7cd93f90a8310f062b0fa,../images/17397/上衣/57f7cd93f90a8310f062b0fa.jpg,#333366,1,0,1,1,0,2
57f7cd85f90a8310f062b0df,../images/17695/上衣/57f7cd85f90a8310f062b0df.jpg,#000000,1,3,1,1,0,2
57f7cd84f90a8310f062b0dd,../images/17977/上衣/57f7cd84f90a8310f062b0dd.jpg,#3399cc,1,1,1,1,0,2
57f7cd86f90a8310f062b0e1,../images/17977/上衣/57f7cd86f90a8310f062b0e1.jpg,#9999cc,1,1,1,1,0,2
57f7cd89f90a8310f062b0e9,../images/18021/上衣/57f7cd89f90a8310f062b0e9.jpg,#996666,0,0,1,0,0,0
57f7cd8cf90a8310f062b0f1,../images/18079/上衣/57f7cd8cf90a8310f062b0f1.jpg,#333333,1,0,1,1,0,2
57f7cd6ef90a8310f062b0ce,../images/19073/上衣/57f7cd6ef90a8310f062b0ce.jpg,#ffffff,1,0,1,1,0,2
57f7cd5cf90a8310f062b0bb,../images/20431/上衣/57f7cd5cf90a8310f062b0bb.jpg,#333333,1,2,1,1,0,2
57f7cd5ff90a8310f062b0c3,../images/20619/上衣/57f7cd5ff90a8310f062b0c3.jpg,#ffcc33,0,1,2,1,4,2
57f7cd63f90a8310f062b0c4,../images/20865/上衣/57f7cd63f90a8310f062b0c4.jpg,#000000,1,1,1,1,0,2
57f7cd4cf90a8310f062b09f,../images/21655/上衣/57f7cd4cf90a8310f062b09f.jpg,#333333,1,0,2,0,0,2
57f7cd4df90a8310f062b0a3,../images/21717/上衣/57f7cd4df90a8310f062b0a3.jpg,#cccccc,1,0,1,1,0,2
57f7cd54f90a8310f062b0ac,../images/22369/上衣/57f7cd54f90a8310f062b0ac.jpg,#999999,1,0,1,1,0,2
57f7cd55f90a8310f062b0b0,../images/22369/上衣/57f7cd55f90a8310f062b0b0.jpg,#333366,1,3,1,1,0,0
57f7cd3cf90a8310f062b079,../images/22371/上衣/57f7cd3cf90a8310f062b079.jpg,#cccccc,1,1,1,1,0,2
57f7cd3df90a8310f062b07b,../images/22371/上衣/57f7cd3df90a8310f062b07b.jpg,#cccccc,1,0,1,1,0,2
57f7cd1ff90a8310f062b053,../images/24582/上衣/57f7cd1ff90a8310f062b053.jpg,#ffffff,1,0,0,0,1,2
57f7cd03f90a8310f062b036,../images/26630/上衣/57f7cd03f90a8310f062b036.jpg,#cccccc,1,1,1,1,0,2
57f7ccfaf90a8310f062b025,../images/27036/上衣/57f7ccfaf90a8310f062b025.jpg,#333333,1,1,1,1,0,2
57f7ccfaf90a8310f062b026,../images/27036/上衣/57f7ccfaf90a8310f062b026.jpg,#003333,1,0,1,1,0,2
57f7cce4f90a8310f062b004,../images/28490/上衣/57f7cce4f90a8310f062b004.jpg,#333333,1,0,1,1,0,2
57f7ccd8f90a8310f062aff4,../images/29476/上衣/57f7ccd8f90a8310f062aff4.jpg,#333333,1,0,1,1,0,2
57f7cccef90a8310f062afe6,../images/30216/上衣/57f7cccef90a8310f062afe6.jpg,#333333,1,0,1,2,0,2
57f7cccdf90a8310f062afe5,../images/30354/上衣/57f7cccdf90a8310f062afe5.jpg,#333333,1,1,1,1,0,2
57f7ccc6f90a8310f062afd4,../images/31208/上衣/57f7ccc6f90a8310f062afd4.jpg,#333333,1,0,2,1,0,2
57f7cc9bf90a8310f062af95,../images/32560/上衣/57f7cc9bf90a8310f062af95.jpg,#000000,1,1,1,1,0,2
57f7cc9ef90a8310f062af9b,../images/32766/上衣/57f7cc9ef90a8310f062af9b.jpg,#996666,0,0,1,0,0,2
57f7cc9ef90a8310f062af9c,../images/32766/上衣/57f7cc9ef90a8310f062af9c.jpg,#333366,1,1,1,1,0,2
57f7cc9ef90a8310f062af9d,../images/32766/上衣/57f7cc9ef90a8310f062af9d.jpg,#333333,1,0,1,1,2,2
57f7cc56f90a8310f062af0f,../images/33878/上衣/57f7cc56f90a8310f062af0f.jpg,#ffffff,1,0,1,1,0,2
57f7cc57f90a8310f062af13,../images/33878/上衣/57f7cc57f90a8310f062af13.jpg,#333333,1,3,1,1,0,2
57f7cc57f90a8310f062af14,../images/33878/上衣/57f7cc57f90a8310f062af14.jpg,#ffcc66,0,1,0,1,0,2
57f7cc92f90a8310f062af7a,../images/33936/上衣/57f7cc92f90a8310f062af7a.jpg,#999999,1,0,1,1,0,2
57f7cc93f90a8310f062af7b,../images/33936/上衣/57f7cc93f90a8310f062af7b.jpg,#333366,1,1,1,1,0,2
57f7cc92f90a8310f062af76,../images/34016/上衣/57f7cc92f90a8310f062af76.jpg,#ffffff,1,1,2,1,0,0
57f7cc90f90a8310f062af73,../images/34140/上衣/57f7cc90f90a8310f062af73.jpg,#333333,1,1,1,1,0,2
57f7cc90f90a8310f062af73,../images/34140/上衣/57f7cc90f90a8310f062af73.png,#000000,1,1,1,1,0,2
57f7cc80f90a8310f062af58,../images/34216/上衣/57f7cc80f90a8310f062af58.jpg,#333333,1,0,2,1,0,2
57f7cc55f90a8310f062af0c,../images/34642/上衣/57f7cc55f90a8310f062af0c.jpg,#000000,1,0,1,1,0,2
57f7cc86f90a8310f062af63,../images/34676/上衣/57f7cc86f90a8310f062af63.jpg,#333333,1,1,1,1,0,2
57f7cc87f90a8310f062af66,../images/34676/上衣/57f7cc87f90a8310f062af66.jpg,#333333,1,1,1,1,0,0
57f7cc89f90a8310f062af69,../images/34690/上衣/57f7cc89f90a8310f062af69.jpg,#333333,1,0,1,1,0,2
57f7cc89f90a8310f062af6b,../images/34690/上衣/57f7cc89f90a8310f062af6b.jpg,#333333,1,0,2,1,0,2
57f7cc63f90a8310f062af23,../images/34798/上衣/57f7cc63f90a8310f062af23.jpg,#333333,1,1,2,0,0,2
57f7cc56f90a8310f062af0d,../images/34926/上衣/57f7cc56f90a8310f062af0d.jpg,#ffffff,1,0,1,1,0,2
57f7cc5ff90a8310f062af17,../images/35080/上衣/57f7cc5ff90a8310f062af17.jpg,#333333,1,0,1,1,0,2
57f7cc4af90a8310f062aef8,../images/35358/上衣/57f7cc4af90a8310f062aef8.jpg,#333333,1,1,2,1,0,2
57f7cc4af90a8310f062aefb,../images/35358/上衣/57f7cc4af90a8310f062aefb.jpg,#333333,1,1,1,1,0,2
57f7cc42f90a8310f062aee7,../images/35362/上衣/57f7cc42f90a8310f062aee7.jpg,#000000,1,0,1,1,0,2
57f7cc60f90a8310f062af1a,../images/35458/上衣/57f7cc60f90a8310f062af1a.jpg,#333333,1,1,1,1,0,2
57f7cc60f90a8310f062af1b,../images/35686/上衣/57f7cc60f90a8310f062af1b.jpg,#cc0033,0,1,1,1,0,2
57f7cc64f90a8310f062af27,../images/35686/上衣/57f7cc64f90a8310f062af27.jpg,#ffffff,1,0,1,1,0,2
57f7cc60f90a8310f062af1d,../images/35708/上衣/57f7cc60f90a8310f062af1d.jpg,#333333,1,0,1,0,0,2
57f7cc61f90a8310f062af1f,../images/35708/上衣/57f7cc61f90a8310f062af1f.jpg,#ffffff,1,0,1,1,0,2
57f7cc6af90a8310f062af31,../images/35788/上衣/57f7cc6af90a8310f062af31.jpg,#333333,1,1,1,1,0,2
57f7cc4af90a8310f062aefa,../images/35820/上衣/57f7cc4af90a8310f062aefa.jpg,#ffffcc,0,0,1,1,0,2
57f7cc48f90a8310f062aef3,../images/36130/上衣/57f7cc48f90a8310f062aef3.jpg,#333333,1,0,1,1,0,2
57f7cc37f90a8310f062aec9,../images/36246/上衣/57f7cc37f90a8310f062aec9.jpg,#666666,1,0,1,1,0,2
57f7cc37f90a8310f062aecb,../images/36246/上衣/57f7cc37f90a8310f062aecb.jpg,#333333,1,1,1,1,0,2
57f7cb4bf90a8310f062ac6d,../images/36472/上衣/57f7cb4bf90a8310f062ac6d.jpg,#333333,1,2,1,1,0,2
57f7cc35f90a8310f062aec3,../images/36676/上衣/57f7cc35f90a8310f062aec3.jpg,#333333,1,1,1,1,0,2
57f7cc36f90a8310f062aec4,../images/36676/上衣/57f7cc36f90a8310f062aec4.jpg,#333333,1,1,1,1,0,2
57f7cc36f90a8310f062aec5,../images/36676/上衣/57f7cc36f90a8310f062aec5.jpg,#666666,1,0,2,1,0,2
57f7cc36f90a8310f062aec7,../images/36676/上衣/57f7cc36f90a8310f062aec7.jpg,#333366,1,0,2,1,0,2
57f7cc37f90a8310f062aec8,../images/36676/上衣/57f7cc37f90a8310f062aec8.jpg,#ccffff,1,0,1,1,0,2
57f7cc37f90a8310f062aecc,../images/36676/上衣/57f7cc37f90a8310f062aecc.jpg,#333333,1,0,2,0,0,0
57f7cc37f90a8310f062aecd,../images/36676/上衣/57f7cc37f90a8310f062aecd.jpg,#666666,1,0,1,1,0,2
57f7cc39f90a8310f062aed0,../images/36676/上衣/57f7cc39f90a8310f062aed0.jpg,#333333,1,0,2,1,0,2
57f7cc39f90a8310f062aed2,../images/36676/上衣/57f7cc39f90a8310f062aed2.jpg,#333333,1,0,2,1,0,2
57f7cc35f90a8310f062aebf,../images/36766/上衣/57f7cc35f90a8310f062aebf.jpg,#000000,1,0,1,0,0,0
57f7cbecf90a8310f062ae15,../images/36794/上衣/57f7cbecf90a8310f062ae15.jpg,#cccccc,1,1,1,1,0,2
57f7cc32f90a8310f062aeb9,../images/36798/上衣/57f7cc32f90a8310f062aeb9.jpg,#333333,1,1,1,1,0,2
57f7cc42f90a8310f062aee8,../images/36874/上衣/57f7cc42f90a8310f062aee8.jpg,#333333,1,1,1,1,0,0
57f7cc44f90a8310f062aeed,../images/36874/上衣/57f7cc44f90a8310f062aeed.jpg,#999999,1,1,1,1,0,2
57f7cc3df90a8310f062aed8,../images/36976/上衣/57f7cc3df90a8310f062aed8.jpg,#333333,1,0,1,1,0,2
57f7cc2af90a8310f062ae9e,../images/37162/上衣/57f7cc2af90a8310f062ae9e.jpg,#333333,1,0,2,1,0,2
57f7cc2bf90a8310f062aea4,../images/37178/上衣/57f7cc2bf90a8310f062aea4.jpg,#333333,1,0,1,1,0,1
57f7cc2bf90a8310f062aea5,../images/37178/上衣/57f7cc2bf90a8310f062aea5.jpg,#666666,1,3,1,1,0,2
57f7cc2bf90a8310f062aea7,../images/37178/上衣/57f7cc2bf90a8310f062aea7.jpg,#333333,1,3,1,2,0,1
57f7cbebf90a8310f062ae0e,../images/37280/上衣/57f7cbebf90a8310f062ae0e.jpg,#000000,1,1,1,1,0,2
57f7cc2df90a8310f062aeaf,../images/37516/上衣/57f7cc2df90a8310f062aeaf.jpg,#cccc99,0,2,0,1,0,2
57f7cc2ef90a8310f062aeb2,../images/37516/上衣/57f7cc2ef90a8310f062aeb2.jpg,#333333,1,1,1,1,0,2
57f7cc2af90a8310f062aea0,../images/37520/上衣/57f7cc2af90a8310f062aea0.jpg,#333333,1,0,1,1,0,2
57f7cc2bf90a8310f062aea1,../images/37520/上衣/57f7cc2bf90a8310f062aea1.jpg,#000000,1,1,1,1,0,0
57f7cbfcf90a8310f062ae31,../images/37522/上衣/57f7cbfcf90a8310f062ae31.jpg,#333333,1,1,0,1,0,2
57f7cbfdf90a8310f062ae34,../images/37522/上衣/57f7cbfdf90a8310f062ae34.jpg,#333333,1,1,0,1,1,2
57f7cc12f90a8310f062ae67,../images/37570/上衣/57f7cc12f90a8310f062ae67.jpg,#333366,1,0,1,1,0,2
57f7cbfef90a8310f062ae37,../images/37638/上衣/57f7cbfef90a8310f062ae37.jpg,#333333,1,1,1,1,0,2
57f7cbfff90a8310f062ae3a,../images/37638/上衣/57f7cbfff90a8310f062ae3a.jpg,#333333,1,1,1,1,1,2
57f7cc19f90a8310f062ae76,../images/37672/上衣/57f7cc19f90a8310f062ae76.jpg,#cccccc,1,0,1,1,0,2
57f7cc19f90a8310f062ae77,../images/37672/上衣/57f7cc19f90a8310f062ae77.jpg,#666666,1,3,1,1,0,0
57f7cc1bf90a8310f062ae81,../images/37672/上衣/57f7cc1bf90a8310f062ae81.jpg,#666666,1,1,1,1,0,2
57f7cc1df90a8310f062ae86,../images/37718/上衣/57f7cc1df90a8310f062ae86.jpg,#ffffff,1,1,1,1,0,2
57f7cc1ef90a8310f062ae89,../images/37718/上衣/57f7cc1ef90a8310f062ae89.jpg,#333333,1,0,2,1,0,2
57f7cc0bf90a8310f062ae5a,../images/37888/上衣/57f7cc0bf90a8310f062ae5a.jpg,#cccccc,1,2,1,0,0,2
57f7cc19f90a8310f062ae74,../images/37912/上衣/57f7cc19f90a8310f062ae74.jpg,#333333,1,0,1,1,0,2
57f7cc0ff90a8310f062ae60,../images/37918/上衣/57f7cc0ff90a8310f062ae60.jpg,#cccccc,1,1,1,1,0,2
57f7cc0ff90a8310f062ae62,../images/37918/上衣/57f7cc0ff90a8310f062ae62.jpg,#cccccc,1,0,1,1,0,2
57f7cc1ff90a8310f062ae8d,../images/37944/上衣/57f7cc1ff90a8310f062ae8d.jpg,#000000,1,1,1,1,0,2
57f7cc0ff90a8310f062ae5f,../images/38462/上衣/57f7cc0ff90a8310f062ae5f.jpg,#ffffff,1,2,0,1,0,2
57f7cb4cf90a8310f062ac71,../images/38490/上衣/57f7cb4cf90a8310f062ac71.jpg,#333333,1,0,1,1,0,2
57f7cbe3f90a8310f062adf6,../images/38518/上衣/57f7cbe3f90a8310f062adf6.jpg,#999966,0,0,1,1,0,2
57f7cbf4f90a8310f062ae1f,../images/38806/上衣/57f7cbf4f90a8310f062ae1f.jpg,#000000,1,1,1,1,0,2
57f7cbf4f90a8310f062ae22,../images/38806/上衣/57f7cbf4f90a8310f062ae22.jpg,#333333,1,1,1,1,1,2
57f7cbf5f90a8310f062ae27,../images/38806/上衣/57f7cbf5f90a8310f062ae27.jpg,#333333,1,1,1,1,0,0
57f7cc01f90a8310f062ae42,../images/38898/上衣/57f7cc01f90a8310f062ae42.jpg,#333333,1,0,1,1,0,2
57f7cc02f90a8310f062ae44,../images/38898/上衣/57f7cc02f90a8310f062ae44.jpg,#333333,1,0,1,1,0,2
57f7cc02f90a8310f062ae45,../images/38898/上衣/57f7cc02f90a8310f062ae45.jpg,#333333,1,1,1,1,0,2
57f7cbfaf90a8310f062ae2c,../images/38904/上衣/57f7cbfaf90a8310f062ae2c.jpg,#333333,1,3,0,1,2,2
57f7cbf5f90a8310f062ae24,../images/38942/上衣/57f7cbf5f90a8310f062ae24.jpg,#666666,1,1,1,1,0,0
57f7cb99f90a8310f062ad65,../images/39142/上衣/57f7cb99f90a8310f062ad65.jpg,#333333,1,1,0,1,1,2
57f7cb9cf90a8310f062ad6f,../images/39142/上衣/57f7cb9cf90a8310f062ad6f.jpg,#333366,1,0,1,1,0,2
57f7cbe5f90a8310f062adfe,../images/39160/上衣/57f7cbe5f90a8310f062adfe.jpg,#333333,1,0,1,1,0,2
57f7cbe3f90a8310f062adf3,../images/39388/上衣/57f7cbe3f90a8310f062adf3.jpg,#666633,0,0,2,0,0,0
57f7cbebf90a8310f062ae10,../images/39418/上衣/57f7cbebf90a8310f062ae10.jpg,#ffffff,1,1,0,1,0,2
57f7cbe7f90a8310f062ae08,../images/39472/上衣/57f7cbe7f90a8310f062ae08.jpg,#ffffff,1,0,1,1,0,2
57f7cbdaf90a8310f062ade2,../images/39570/上衣/57f7cbdaf90a8310f062ade2.jpg,#666666,1,1,1,1,1,2
57f7cbdbf90a8310f062ade4,../images/39686/上衣/57f7cbdbf90a8310f062ade4.jpg,#000000,1,0,1,1,0,2
57f7cbd9f90a8310f062ade0,../images/39708/上衣/57f7cbd9f90a8310f062ade0.jpg,#000000,1,1,1,1,0,2
57f7cbd2f90a8310f062add4,../images/39886/上衣/57f7cbd2f90a8310f062add4.jpg,#ffffff,1,1,1,1,0,2
57f7cbc2f90a8310f062adc0,../images/39922/上衣/57f7cbc2f90a8310f062adc0.jpg,#333333,1,1,1,1,0,2
57f7cbd9f90a8310f062addc,../images/39944/上衣/57f7cbd9f90a8310f062addc.jpg,#666666,1,1,1,1,0,2
57f7cbe0f90a8310f062adee,../images/40024/上衣/57f7cbe0f90a8310f062adee.jpg,#ffffff,1,1,1,1,0,2
57f7cbe0f90a8310f062adef,../images/40024/上衣/57f7cbe0f90a8310f062adef.jpg,#333333,1,0,1,1,0,2
57f7cbc5f90a8310f062adcb,../images/40030/上衣/57f7cbc5f90a8310f062adcb.jpg,#666666,1,0,2,1,0,2
57f7cbdbf90a8310f062ade7,../images/40058/上衣/57f7cbdbf90a8310f062ade7.jpg,#cccccc,1,1,1,1,0,2
57f7cbbdf90a8310f062adaf,../images/40158/上衣/57f7cbbdf90a8310f062adaf.jpg,#333333,1,1,1,1,0,2
57f7cbc6f90a8310f062adcf,../images/40318/上衣/57f7cbc6f90a8310f062adcf.jpg,#cccccc,1,0,1,1,0,2
57f7cbb2f90a8310f062ad9a,../images/40832/上衣/57f7cbb2f90a8310f062ad9a.jpg,#333333,1,0,1,1,0,2
57f7cbabf90a8310f062ad90,../images/41020/上衣/57f7cbabf90a8310f062ad90.jpg,#000033,1,3,1,1,0,2
57f7cba7f90a8310f062ad8a,../images/41154/上衣/57f7cba7f90a8310f062ad8a.jpg,#666699,1,3,1,1,0,2
57f7cb89f90a8310f062ad34,../images/41376/上衣/57f7cb89f90a8310f062ad34.jpg,#ffcccc,0,0,0,0,0,0
57f7cb89f90a8310f062ad38,../images/41376/上衣/57f7cb89f90a8310f062ad38.jpg,#333333,1,2,1,1,0,2
57f7cb8af90a8310f062ad39,../images/41376/上衣/57f7cb8af90a8310f062ad39.jpg,#ccccff,1,0,1,1,0,2
57f7cba3f90a8310f062ad7e,../images/41448/上衣/57f7cba3f90a8310f062ad7e.jpg,#333333,1,1,1,1,1,2
57f7cba3f90a8310f062ad7f,../images/41448/上衣/57f7cba3f90a8310f062ad7f.jpg,#006699,1,2,1,1,0,2
57f7cba3f90a8310f062ad81,../images/41448/上衣/57f7cba3f90a8310f062ad81.jpg,#9999cc,1,0,0,1,0,2
57f7cba4f90a8310f062ad84,../images/41448/上衣/57f7cba4f90a8310f062ad84.jpg,#333333,1,0,0,1,1,2
57f7cba4f90a8310f062ad86,../images/41448/上衣/57f7cba4f90a8310f062ad86.jpg,#666699,1,0,1,1,0,2
57f7cb9ff90a8310f062ad77,../images/41528/上衣/57f7cb9ff90a8310f062ad77.jpg,#333333,1,0,1,1,1,2
57f7cb99f90a8310f062ad67,../images/41704/上衣/57f7cb99f90a8310f062ad67.jpg,#333333,1,1,1,1,1,2
57f7cb9bf90a8310f062ad6d,../images/41704/上衣/57f7cb9bf90a8310f062ad6d.jpg,#333333,1,1,1,1,0,2
57f7cb8ff90a8310f062ad48,../images/41872/上衣/57f7cb8ff90a8310f062ad48.jpg,#333333,1,0,1,1,0,2
57f7cb92f90a8310f062ad54,../images/41882/上衣/57f7cb92f90a8310f062ad54.jpg,#333333,1,0,0,1,1,2
57f7cb90f90a8310f062ad4f,../images/41952/上衣/57f7cb90f90a8310f062ad4f.jpg,#333333,1,1,1,1,0,2
57f7cb90f90a8310f062ad4c,../images/41986/上衣/57f7cb90f90a8310f062ad4c.jpg,#333333,1,3,1,1,0,2
57f7cb91f90a8310f062ad51,../images/41986/上衣/57f7cb91f90a8310f062ad51.jpg,#333333,1,1,0,1,1,2
57f7cb7ef90a8310f062ad0d,../images/42056/上衣/57f7cb7ef90a8310f062ad0d.jpg,#cc9966,0,1,1,1,1,2
57f7cb88f90a8310f062ad33,../images/42120/上衣/57f7cb88f90a8310f062ad33.jpg,#333333,1,1,1,1,0,2
57f7cb80f90a8310f062ad13,../images/42262/上衣/57f7cb80f90a8310f062ad13.jpg,#333366,1,0,1,1,0,2
57f7cb82f90a8310f062ad1a,../images/42412/上衣/57f7cb82f90a8310f062ad1a.jpg,#333333,1,2,1,1,0,2
57f7cb84f90a8310f062ad21,../images/42500/上衣/57f7cb84f90a8310f062ad21.jpg,#cccccc,1,0,1,1,0,2
57f7cb84f90a8310f062ad23,../images/42500/上衣/57f7cb84f90a8310f062ad23.jpg,#ffffff,1,0,0,1,1,2
57f7cb85f90a8310f062ad27,../images/42500/上衣/57f7cb85f90a8310f062ad27.jpg,#663333,0,3,1,1,0,2
57f7cb85f90a8310f062ad2c,../images/42500/上衣/57f7cb85f90a8310f062ad2c.jpg,#333333,1,0,0,0,0,2
57f7cb86f90a8310f062ad2d,../images/42500/上衣/57f7cb86f90a8310f062ad2d.jpg,#ffffff,1,0,1,0,0,0
57f7cb82f90a8310f062ad19,../images/42520/上衣/57f7cb82f90a8310f062ad19.jpg,#333333,1,1,1,1,0,2
57f7cb7ff90a8310f062ad11,../images/42608/上衣/57f7cb7ff90a8310f062ad11.jpg,#333333,1,1,1,1,0,2
57f7cb7ff90a8310f062ad0f,../images/42618/上衣/57f7cb7ff90a8310f062ad0f.jpg,#333333,1,1,1,1,0,0
57f7cb80f90a8310f062ad14,../images/42824/上衣/57f7cb80f90a8310f062ad14.jpg,#cccccc,1,1,1,1,0,2
57f7cb7bf90a8310f062ad02,../images/43004/上衣/57f7cb7bf90a8310f062ad02.jpg,#ffffff,1,1,0,1,1,2
57f7cb7bf90a8310f062ad03,../images/43004/上衣/57f7cb7bf90a8310f062ad03.jpg,#ccccff,1,1,0,1,1,2
57f7cb7bf90a8310f062ad04,../images/43004/上衣/57f7cb7bf90a8310f062ad04.jpg,#ffffff,1,1,0,1,1,2
57f7cb7af90a8310f062acfc,../images/43086/上衣/57f7cb7af90a8310f062acfc.jpg,#ffffff,1,1,0,1,1,2
57f7cb6cf90a8310f062acd7,../images/43124/上衣/57f7cb6cf90a8310f062acd7.jpg,#333333,1,1,0,1,1,2
57f7cb72f90a8310f062aceb,../images/43178/上衣/57f7cb72f90a8310f062aceb.jpg,#333366,1,1,1,1,0,2
57f7cb73f90a8310f062acec,../images/43372/上衣/57f7cb73f90a8310f062acec.jpg,#333366,1,0,1,0,0,2
57f7cb66f90a8310f062acca,../images/43586/上衣/57f7cb66f90a8310f062acca.jpg,#333333,1,1,1,1,1,2
57f7cb68f90a8310f062acce,../images/43602/上衣/57f7cb68f90a8310f062acce.jpg,#ffffff,1,0,1,1,1,2
57f7cb62f90a8310f062acc0,../images/43756/上衣/57f7cb62f90a8310f062acc0.jpg,#666633,0,1,1,1,0,2
57f7cb5af90a8310f062aca2,../images/44018/上衣/57f7cb5af90a8310f062aca2.jpg,#ffffff,1,1,1,1,1,2
57f7cb5ff90a8310f062acb5,../images/44044/上衣/57f7cb5ff90a8310f062acb5.jpg,#660000,0,0,1,1,0,2
57f7cb66f90a8310f062acc8,../images/44056/上衣/57f7cb66f90a8310f062acc8.jpg,#333333,1,0,0,1,1,2
57f7cb61f90a8310f062acbc,../images/44102/上衣/57f7cb61f90a8310f062acbc.jpg,#333333,1,1,0,1,0,2
57f7cb5df90a8310f062acae,../images/44116/上衣/57f7cb5df90a8310f062acae.jpg,#333333,1,1,0,1,1,2
57f7cb5bf90a8310f062aca9,../images/44204/上衣/57f7cb5bf90a8310f062aca9.jpg,#cccccc,1,1,0,1,1,2
57f7cb5cf90a8310f062acab,../images/44204/上衣/57f7cb5cf90a8310f062acab.jpg,#333333,1,1,1,1,0,2
57f7cb5ff90a8310f062acb6,../images/44366/上衣/57f7cb5ff90a8310f062acb6.jpg,#333333,1,0,2,1,0,2
57f7cb60f90a8310f062acba,../images/44366/上衣/57f7cb60f90a8310f062acba.jpg,#ffffff,1,0,0,1,1,2
57f7cb61f90a8310f062acbd,../images/44366/上衣/57f7cb61f90a8310f062acbd.jpg,#ffffff,1,1,0,1,1,2
57f7cb62f90a8310f062acbf,../images/44366/上衣/57f7cb62f90a8310f062acbf.jpg,#ffffff,1,1,1,1,1,2
57f7cb57f90a8310f062ac98,../images/44502/上衣/57f7cb57f90a8310f062ac98.jpg,#cccccc,1,2,0,1,0,2
57f7cb56f90a8310f062ac94,../images/44510/上衣/57f7cb56f90a8310f062ac94.jpg,#ffffff,1,1,0,1,1,2
57f7cb56f90a8310f062ac96,../images/44510/上衣/57f7cb56f90a8310f062ac96.jpg,#ffffff,1,3,1,1,0,2
57f7cb58f90a8310f062ac9c,../images/44536/上衣/57f7cb58f90a8310f062ac9c.jpg,#333333,1,0,1,1,0,2
57f7cb58f90a8310f062ac9f,../images/44536/上衣/57f7cb58f90a8310f062ac9f.jpg,#ffcccc,0,0,1,0,0,2
57f7cb53f90a8310f062ac86,../images/44550/上衣/57f7cb53f90a8310f062ac86.jpg,#ffffff,1,1,0,1,1,2
57f7cb53f90a8310f062ac88,../images/44550/上衣/57f7cb53f90a8310f062ac88.jpg,#66ccff,1,1,0,1,1,2
57f7cb58f90a8310f062aca0,../images/44622/上衣/57f7cb58f90a8310f062aca0.jpg,#333333,1,0,1,1,0,2
57f7cb52f90a8310f062ac84,../images/44817/上衣/57f7cb52f90a8310f062ac84.jpg,#ffffff,1,1,1,1,0,2
57f7cb53f90a8310f062ac89,../images/44817/上衣/57f7cb53f90a8310f062ac89.jpg,#ffffff,1,3,0,1,1,2
57f7cb54f90a8310f062ac8c,../images/44865/上衣/57f7cb54f90a8310f062ac8c.jpg,#333366,1,1,0,1,1,2
57f7cb54f90a8310f062ac8d,../images/44865/上衣/57f7cb54f90a8310f062ac8d.jpg,#333333,1,1,0,1,1,2
57f7cb54f90a8310f062ac8e,../images/44865/上衣/57f7cb54f90a8310f062ac8e.jpg,#333333,1,0,0,1,1,2
57f7cb55f90a8310f062ac91,../images/44865/上衣/57f7cb55f90a8310f062ac91.jpg,#333333,1,1,0,1,1,2
57f7cb4ef90a8310f062ac76,../images/44985/上衣/57f7cb4ef90a8310f062ac76.jpg,#cccccc,1,0,1,1,4,1
57f7cb4cf90a8310f062ac6f,../images/44987/上衣/57f7cb4cf90a8310f062ac6f.jpg,#333333,1,0,1,1,0,2
57f7cb4ff90a8310f062ac7d,../images/45085/上衣/57f7cb4ff90a8310f062ac7d.jpg,#ffffff,1,0,1,1,0,2
57f7cb4ff90a8310f062ac7f,../images/45085/上衣/57f7cb4ff90a8310f062ac7f.jpg,#333333,1,1,1,1,1,2
57f7cb44f90a8310f062ac56,../images/45283/上衣/57f7cb44f90a8310f062ac56.jpg,#333333,1,1,0,1,1,2
57f7cb45f90a8310f062ac57,../images/45301/上衣/57f7cb45f90a8310f062ac57.jpg,#333333,1,1,1,1,1,2
57f7cb41f90a8310f062ac50,../images/45317/上衣/57f7cb41f90a8310f062ac50.jpg,#333333,1,2,1,1,0,2
57f7cb46f90a8310f062ac61,../images/45389/上衣/57f7cb46f90a8310f062ac61.jpg,#ffffff,1,0,0,1,1,2
57f7cb46f90a8310f062ac5d,../images/45441/上衣/57f7cb46f90a8310f062ac5d.jpg,#333333,1,1,0,1,1,2
57f7cb45f90a8310f062ac58,../images/45471/上衣/57f7cb45f90a8310f062ac58.jpg,#333333,1,1,1,1,1,2
57f7cb3cf90a8310f062ac3b,../images/45605/上衣/57f7cb3cf90a8310f062ac3b.jpg,#ffffff,1,0,0,1,1,2
57f7cb3df90a8310f062ac41,../images/45651/上衣/57f7cb3df90a8310f062ac41.jpg,#330000,0,0,0,1,0,2
57f7cb3ef90a8310f062ac44,../images/45651/上衣/57f7cb3ef90a8310f062ac44.jpg,#333333,1,0,1,1,0,2
57f7cb30f90a8310f062ac1a,../images/46111/上衣/57f7cb30f90a8310f062ac1a.jpg,#336633,1,0,1,1,0,2
57f7cb30f90a8310f062ac19,../images/46113/上衣/57f7cb30f90a8310f062ac19.jpg,#333333,1,2,0,1,1,2
57f7cb2ef90a8310f062ac0e,../images/46153/上衣/57f7cb2ef90a8310f062ac0e.jpg,#ffffff,1,1,0,1,1,2
57f7cb30f90a8310f062ac1d,../images/46159/上衣/57f7cb30f90a8310f062ac1d.jpg,#ffffff,1,1,0,1,1,2
57f7cb2ff90a8310f062ac13,../images/46189/上衣/57f7cb2ff90a8310f062ac13.jpg,#cccccc,1,0,1,1,0,2
57f7cb2cf90a8310f062ac03,../images/46257/上衣/57f7cb2cf90a8310f062ac03.jpg,#333333,1,1,0,1,1,2
57f7cb29f90a8310f062abfb,../images/46399/上衣/57f7cb29f90a8310f062abfb.jpg,#cccc99,0,3,0,1,0,2
57f7cb20f90a8310f062abd8,../images/46425/上衣/57f7cb20f90a8310f062abd8.jpg,#333333,1,0,1,1,1,2
57f7cb30f90a8310f062ac14,../images/46445/上衣/57f7cb30f90a8310f062ac14.jpg,#ffffff,1,1,1,1,0,2
57f7cb30f90a8310f062ac1f,../images/46445/上衣/57f7cb30f90a8310f062ac1f.jpg,#333333,1,0,0,1,0,2
57f7cb2df90a8310f062ac09,../images/46529/上衣/57f7cb2df90a8310f062ac09.jpg,#663333,0,1,1,1,1,2
57f7cb2ef90a8310f062ac0b,../images/46529/上衣/57f7cb2ef90a8310f062ac0b.jpg,#ffffff,1,0,0,1,4,2
57f7cb36f90a8310f062ac2e,../images/46681/上衣/57f7cb36f90a8310f062ac2e.jpg,#333333,1,1,0,1,1,2
57f7cb26f90a8310f062abeb,../images/46707/上衣/57f7cb26f90a8310f062abeb.jpg,#333333,1,1,1,1,1,2
57f7cb27f90a8310f062abf0,../images/46707/上衣/57f7cb27f90a8310f062abf0.jpg,#333333,1,1,1,1,1,2
57f7cb27f90a8310f062abf2,../images/46707/上衣/57f7cb27f90a8310f062abf2.jpg,#cccc99,0,0,1,1,1,2
57f7cb2bf90a8310f062ac01,../images/46759/上衣/57f7cb2bf90a8310f062ac01.jpg,#333333,1,1,0,1,1,2
57f7cb25f90a8310f062abe5,../images/46839/上衣/57f7cb25f90a8310f062abe5.jpg,#999999,1,1,1,1,4,2
57f7cb25f90a8310f062abe8,../images/46839/上衣/57f7cb25f90a8310f062abe8.jpg,#666699,1,2,1,1,0,2
57f7cb26f90a8310f062abed,../images/46839/上衣/57f7cb26f90a8310f062abed.jpg,#336699,1,0,1,1,0,2
57f7cb1ef90a8310f062abd1,../images/46863/上衣/57f7cb1ef90a8310f062abd1.jpg,#cccccc,1,0,1,1,0,2
57f7cb1bf90a8310f062abc8,../images/46889/上衣/57f7cb1bf90a8310f062abc8.jpg,#ffffff,1,1,0,2,1,2
57f7cb1bf90a8310f062abc4,../images/46897/上衣/57f7cb1bf90a8310f062abc4.jpg,#333333,1,0,0,1,1,2
57f7cb1bf90a8310f062abc5,../images/46897/上衣/57f7cb1bf90a8310f062abc5.jpg,#ffffff,1,0,0,1,1,2
57f7cb24f90a8310f062abe1,../images/47067/上衣/57f7cb24f90a8310f062abe1.jpg,#cccccc,1,1,0,1,1,2
57f7cb1ef90a8310f062abce,../images/47085/上衣/57f7cb1ef90a8310f062abce.jpg,#ffffff,1,1,0,1,1,2
57f7cb1bf90a8310f062abc6,../images/47549/上衣/57f7cb1bf90a8310f062abc6.jpg,#999999,1,2,1,1,0,2
57f7cb20f90a8310f062abd7,../images/47631/上衣/57f7cb20f90a8310f062abd7.jpg,#333366,1,1,1,1,1,2
57f7cb16f90a8310f062abb7,../images/47679/上衣/57f7cb16f90a8310f062abb7.jpg,#cccccc,1,3,0,1,0,2
57f7cb13f90a8310f062abb2,../images/47687/上衣/57f7cb13f90a8310f062abb2.jpg,#ccccff,1,0,0,1,0,2
57f7cb13f90a8310f062abb1,../images/47755/上衣/57f7cb13f90a8310f062abb1.jpg,#ffffff,1,1,1,1,1,2
57f7cb0af90a8310f062ab9e,../images/48235/上衣/57f7cb0af90a8310f062ab9e.jpg,#999999,1,1,0,1,1,2
57f7cb0af90a8310f062ab9b,../images/48315/上衣/57f7cb0af90a8310f062ab9b.jpg,#ffffff,1,1,1,1,1,2
57f7cb07f90a8310f062ab97,../images/48357/上衣/57f7cb07f90a8310f062ab97.jpg,#cc9966,0,1,1,1,1,2
57f7cb07f90a8310f062ab94,../images/48371/上衣/57f7cb07f90a8310f062ab94.jpg,#333333,1,0,1,1,0,2
57f7cb07f90a8310f062ab96,../images/48371/上衣/57f7cb07f90a8310f062ab96.jpg,#ffffff,1,1,0,1,1,2
57f7cb05f90a8310f062ab92,../images/48567/上衣/57f7cb05f90a8310f062ab92.jpg,#003333,1,1,0,1,1,2
57f7cafbf90a8310f062ab6c,../images/48571/上衣/57f7cafbf90a8310f062ab6c.jpg,#cccccc,1,1,1,1,1,2
57f7cafff90a8310f062ab7f,../images/48607/上衣/57f7cafff90a8310f062ab7f.jpg,#333333,1,1,0,1,1,2
57f7cafff90a8310f062ab7d,../images/48663/上衣/57f7cafff90a8310f062ab7d.jpg,#333333,1,1,1,1,1,2
57f7cafff90a8310f062ab7e,../images/48663/上衣/57f7cafff90a8310f062ab7e.jpg,#ffffff,1,1,1,1,1,2
57f7cafff90a8310f062ab80,../images/48663/上衣/57f7cafff90a8310f062ab80.jpg,#cccccc,1,1,1,1,1,2
57f7cafcf90a8310f062ab76,../images/48677/上衣/57f7cafcf90a8310f062ab76.jpg,#999999,1,3,0,1,1,0
57f7cafcf90a8310f062ab75,../images/48699/上衣/57f7cafcf90a8310f062ab75.jpg,#ffffff,1,1,1,1,1,2
57f7cafbf90a8310f062ab6f,../images/48725/上衣/57f7cafbf90a8310f062ab6f.jpg,#ffffff,1,1,1,1,1,2
57f7caf5f90a8310f062ab5c,../images/48883/上衣/57f7caf5f90a8310f062ab5c.jpg,#ffffff,1,2,0,1,1,2
57f7caf5f90a8310f062ab5e,../images/48883/上衣/57f7caf5f90a8310f062ab5e.jpg,#ffffff,1,2,1,1,1,2
57f7caf7f90a8310f062ab64,../images/48891/上衣/57f7caf7f90a8310f062ab64.jpg,#333333,1,1,0,1,1,2
57f7cb05f90a8310f062ab91,../images/48919/上衣/57f7cb05f90a8310f062ab91.jpg,#333333,1,0,1,1,2,0
57f7caeff90a8310f062ab53,../images/48951/上衣/57f7caeff90a8310f062ab53.jpg,#ffffff,1,1,0,1,1,2
57f7cae4f90a8310f062ab31,../images/49073/上衣/57f7cae4f90a8310f062ab31.jpg,#ffffff,1,2,0,1,1,2
57f7caeaf90a8310f062ab46,../images/49189/上衣/57f7caeaf90a8310f062ab46.jpg,#ffffff,1,1,0,1,1,2
57f7cae4f90a8310f062ab32,../images/49239/上衣/57f7cae4f90a8310f062ab32.jpg,#ccccff,1,0,1,1,0,2
57f7cae2f90a8310f062ab2f,../images/49341/上衣/57f7cae2f90a8310f062ab2f.jpg,#ffffff,1,1,1,1,1,0
57f7caecf90a8310f062ab4d,../images/49389/上衣/57f7caecf90a8310f062ab4d.jpg,#333333,1,1,0,1,1,2
57f7cae2f90a8310f062ab2c,../images/49577/上衣/57f7cae2f90a8310f062ab2c.jpg,#ffffff,1,1,1,1,1,2
57f7caddf90a8310f062ab20,../images/49627/上衣/57f7caddf90a8310f062ab20.jpg,#000000,1,1,1,1,1,2
57f7cae4f90a8310f062ab33,../images/49629/上衣/57f7cae4f90a8310f062ab33.jpg,#333333,1,1,1,1,1,2
57f7cad5f90a8310f062ab0d,../images/49879/上衣/57f7cad5f90a8310f062ab0d.jpg,#ffffff,1,1,1,1,1,2
57f7cad5f90a8310f062ab0e,../images/49879/上衣/57f7cad5f90a8310f062ab0e.jpg,#333333,1,2,1,1,1,2
57f7cad7f90a8310f062ab13,../images/49909/上衣/57f7cad7f90a8310f062ab13.jpg,#333333,1,2,0,1,1,2
57f7cae1f90a8310f062ab2b,../images/49937/上衣/57f7cae1f90a8310f062ab2b.jpg,#333333,1,1,0,1,1,2
57f7cad4f90a8310f062ab09,../images/50067/上衣/57f7cad4f90a8310f062ab09.jpg,#cccccc,1,0,1,1,1,2
57f7cad1f90a8310f062ab00,../images/50125/上衣/57f7cad1f90a8310f062ab00.jpg,#333333,1,0,1,1,1,2
57f7cac9f90a8310f062aaee,../images/50207/上衣/57f7cac9f90a8310f062aaee.jpg,#333333,1,1,0,1,1,2
57f7cac7f90a8310f062aae7,../images/50327/上衣/57f7cac7f90a8310f062aae7.jpg,#333333,1,1,0,1,1,2
57f7caccf90a8310f062aaf5,../images/50387/上衣/57f7caccf90a8310f062aaf5.jpg,#ff3333,0,1,0,1,1,2
57f7cab0f90a8310f062aaa2,../images/50455/上衣/57f7cab0f90a8310f062aaa2.jpg,#333333,1,3,1,1,1,2
57f7cac3f90a8310f062aada,../images/50463/上衣/57f7cac3f90a8310f062aada.jpg,#ffffff,1,1,0,1,1,2
57f7cac4f90a8310f062aade,../images/50463/上衣/57f7cac4f90a8310f062aade.jpg,#ffffff,1,0,1,1,1,2
57f7cac8f90a8310f062aae9,../images/50547/上衣/57f7cac8f90a8310f062aae9.jpg,#333333,1,1,0,1,1,2
57f7cac5f90a8310f062aae1,../images/50575/上衣/57f7cac5f90a8310f062aae1.jpg,#666666,1,2,0,1,1,2
57f7cabbf90a8310f062aac5,../images/50599/上衣/57f7cabbf90a8310f062aac5.jpg,#ffffff,1,0,0,1,1,2
57f7cab5f90a8310f062aaaf,../images/50619/上衣/57f7cab5f90a8310f062aaaf.jpg,#333333,1,1,0,1,1,2
57f7cabff90a8310f062aad2,../images/50651/上衣/57f7cabff90a8310f062aad2.jpg,#cccccc,1,0,0,1,1,2
57f7cab6f90a8310f062aab5,../images/50687/上衣/57f7cab6f90a8310f062aab5.jpg,#669966,1,0,0,1,1,2
57f7cab6f90a8310f062aab8,../images/50687/上衣/57f7cab6f90a8310f062aab8.jpg,#666666,1,0,0,1,1,2
57f7caa8f90a8310f062aa8a,../images/50703/上衣/57f7caa8f90a8310f062aa8a.jpg,#333333,1,1,0,1,1,0
57f7cab6f90a8310f062aab9,../images/50703/上衣/57f7cab6f90a8310f062aab9.jpg,#333333,1,1,0,1,1,0
57f7caa6f90a8310f062aa86,../images/50705/上衣/57f7caa6f90a8310f062aa86.jpg,#cccccc,1,0,1,1,0,2
57f7cab6f90a8310f062aab3,../images/50753/上衣/57f7cab6f90a8310f062aab3.jpg,#333366,1,0,0,1,2,2
57f7cab8f90a8310f062aabe,../images/50791/上衣/57f7cab8f90a8310f062aabe.jpg,#ffffff,1,0,1,1,2,2
57f7cabcf90a8310f062aac9,../images/50823/上衣/57f7cabcf90a8310f062aac9.jpg,#ffffff,1,1,1,1,1,2
57f7cabdf90a8310f062aacc,../images/50823/上衣/57f7cabdf90a8310f062aacc.jpg,#333333,1,1,0,1,1,2
57f7cabdf90a8310f062aacf,../images/50823/上衣/57f7cabdf90a8310f062aacf.jpg,#ffffff,1,1,0,1,1,2
57f7caaef90a8310f062aa9b,../images/50843/上衣/57f7caaef90a8310f062aa9b.jpg,#ffffff,1,0,0,1,4,2
57f7caaaf90a8310f062aa8c,../images/50871/上衣/57f7caaaf90a8310f062aa8c.jpg,#ffffff,1,1,1,1,1,2
57f7caa4f90a8310f062aa7d,../images/50881/上衣/57f7caa4f90a8310f062aa7d.jpg,#ffffff,1,1,0,1,1,2
57f7cab0f90a8310f062aaa0,../images/50913/上衣/57f7cab0f90a8310f062aaa0.jpg,#666633,0,1,0,1,1,2
57f7caa5f90a8310f062aa82,../images/50985/上衣/57f7caa5f90a8310f062aa82.jpg,#cccccc,1,1,0,1,1,2
57f7caa5f90a8310f062aa83,../images/50985/上衣/57f7caa5f90a8310f062aa83.jpg,#ffffff,1,1,0,1,1,2
57f7caaef90a8310f062aa99,../images/51001/上衣/57f7caaef90a8310f062aa99.jpg,#333333,1,1,1,1,1,2
57f7cabbf90a8310f062aac7,../images/51043/上衣/57f7cabbf90a8310f062aac7.jpg,#666699,1,0,0,1,4,1
57f7cabdf90a8310f062aacb,../images/51043/上衣/57f7cabdf90a8310f062aacb.jpg,#666666,1,1,0,1,1,2
57f7caa4f90a8310f062aa80,../images/51113/上衣/57f7caa4f90a8310f062aa80.jpg,#333333,1,1,0,1,1,2
57f7caacf90a8310f062aa95,../images/51189/上衣/57f7caacf90a8310f062aa95.jpg,#ffffff,1,3,0,1,1,2
57f7caaff90a8310f062aa9d,../images/51235/上衣/57f7caaff90a8310f062aa9d.jpg,#333333,1,2,1,1,0,2
57f7cab1f90a8310f062aaa4,../images/51235/上衣/57f7cab1f90a8310f062aaa4.jpg,#ffffff,1,1,0,1,1,2
57f7ca9bf90a8310f062aa61,../images/51291/上衣/57f7ca9bf90a8310f062aa61.jpg,#333333,1,1,1,1,1,0
57f7ca9bf90a8310f062aa5f,../images/51379/上衣/57f7ca9bf90a8310f062aa5f.jpg,#ffffff,1,0,0,1,1,2
57f7caa0f90a8310f062aa70,../images/51381/上衣/57f7caa0f90a8310f062aa70.jpg,#333333,1,1,0,1,1,0
57f7caa0f90a8310f062aa73,../images/51381/上衣/57f7caa0f90a8310f062aa73.jpg,#333333,1,1,0,1,1,2
57f7ca9ef90a8310f062aa6a,../images/51387/上衣/57f7ca9ef90a8310f062aa6a.jpg,#333333,1,1,0,1,1,2
57f7ca9ff90a8310f062aa6c,../images/51387/上衣/57f7ca9ff90a8310f062aa6c.jpg,#333333,1,1,0,1,1,2
57f7ca9bf90a8310f062aa62,../images/51393/上衣/57f7ca9bf90a8310f062aa62.jpg,#666633,0,0,1,1,0,2
57f7ca9cf90a8310f062aa64,../images/51393/上衣/57f7ca9cf90a8310f062aa64.jpg,#333333,1,2,1,1,0,2
57f7caa0f90a8310f062aa71,../images/51467/上衣/57f7caa0f90a8310f062aa71.jpg,#666666,1,1,1,1,1,2
57f7ca96f90a8310f062aa51,../images/51657/上衣/57f7ca96f90a8310f062aa51.jpg,#ffffff,1,1,1,1,1,2
57f7ca96f90a8310f062aa52,../images/51657/上衣/57f7ca96f90a8310f062aa52.jpg,#333333,1,1,1,1,1,2
57f7ca8ef90a8310f062aa38,../images/51661/上衣/57f7ca8ef90a8310f062aa38.jpg,#333333,1,1,0,1,1,2
57f7ca8ef90a8310f062aa39,../images/51661/上衣/57f7ca8ef90a8310f062aa39.jpg,#ffffff,1,1,0,1,1,2
57f7ca8ff90a8310f062aa3a,../images/51661/上衣/57f7ca8ff90a8310f062aa3a.jpg,#333333,1,1,0,1,1,2
57f7ca92f90a8310f062aa45,../images/51665/上衣/57f7ca92f90a8310f062aa45.jpg,#333333,1,1,1,1,1,0
57f7ca93f90a8310f062aa4a,../images/51665/上衣/57f7ca93f90a8310f062aa4a.jpg,#ccccff,1,0,1,1,0,2
57f7ca8ff90a8310f062aa3e,../images/51677/上衣/57f7ca8ff90a8310f062aa3e.jpg,#000000,1,1,1,1,1,2
57f7ca90f90a8310f062aa40,../images/51777/上衣/57f7ca90f90a8310f062aa40.jpg,#ccccff,1,1,0,1,1,2
57f7ca92f90a8310f062aa49,../images/51807/上衣/57f7ca92f90a8310f062aa49.jpg,#333333,1,1,0,1,1,2
57f7ca93f90a8310f062aa4b,../images/51807/上衣/57f7ca93f90a8310f062aa4b.jpg,#333333,1,1,0,1,1,2
57f7ca89f90a8310f062aa2a,../images/51873/上衣/57f7ca89f90a8310f062aa2a.jpg,#ffffff,1,0,0,1,4,2
57f7ca88f90a8310f062aa27,../images/51885/上衣/57f7ca88f90a8310f062aa27.jpg,#ffffff,1,1,1,1,1,2
57f7ca89f90a8310f062aa2c,../images/51885/上衣/57f7ca89f90a8310f062aa2c.jpg,#333333,1,1,1,1,1,2
57f7ca85f90a8310f062aa1d,../images/51907/上衣/57f7ca85f90a8310f062aa1d.jpg,#333333,1,0,1,1,1,2
57f7ca8cf90a8310f062aa31,../images/51907/上衣/57f7ca8cf90a8310f062aa31.jpg,#333333,1,0,0,1,1,2
57f7ca8cf90a8310f062aa33,../images/51955/上衣/57f7ca8cf90a8310f062aa33.jpg,#333333,1,1,0,1,1,2
57f7ca83f90a8310f062aa17,../images/51981/上衣/57f7ca83f90a8310f062aa17.jpg,#ffffff,1,0,0,1,1,2
57f7ca84f90a8310f062aa19,../images/51983/上衣/57f7ca84f90a8310f062aa19.jpg,#3366cc,1,1,1,1,1,2
57f7ca7af90a8310f062a9f5,../images/52073/上衣/57f7ca7af90a8310f062a9f5.jpg,#333333,1,1,1,1,1,2
57f7ca79f90a8310f062a9f1,../images/52103/上衣/57f7ca79f90a8310f062a9f1.jpg,#333333,1,1,1,1,1,2
57f7ca7af90a8310f062a9f6,../images/52103/上衣/57f7ca7af90a8310f062a9f6.jpg,#666699,1,0,1,1,1,2
57f7ca81f90a8310f062aa11,../images/52111/上衣/57f7ca81f90a8310f062aa11.jpg,#ffffff,1,1,1,1,1,2
57f7ca82f90a8310f062aa14,../images/52111/上衣/57f7ca82f90a8310f062aa14.jpg,#ffffff,1,1,1,1,1,2
57f7ca7df90a8310f062aa04,../images/52125/上衣/57f7ca7df90a8310f062aa04.jpg,#ffffff,1,1,0,1,1,2
57f7ca7cf90a8310f062a9fe,../images/52183/上衣/57f7ca7cf90a8310f062a9fe.jpg,#9999cc,1,0,0,1,1,2
57f7ca76f90a8310f062a9e5,../images/52237/上衣/57f7ca76f90a8310f062a9e5.jpg,#333333,1,0,0,1,1,2
57f7ca78f90a8310f062a9e9,../images/52277/上衣/57f7ca78f90a8310f062a9e9.jpg,#333333,1,0,1,1,1,2
57f7ca78f90a8310f062a9ea,../images/52277/上衣/57f7ca78f90a8310f062a9ea.jpg,#333333,1,1,0,1,1,2
57f7ca79f90a8310f062a9ef,../images/52277/上衣/57f7ca79f90a8310f062a9ef.jpg,#ffffff,1,1,0,1,1,2
57f7ca7bf90a8310f062a9f9,../images/52277/上衣/57f7ca7bf90a8310f062a9f9.jpg,#333333,1,0,0,1,4,2
57f7ca7cf90a8310f062a9fb,../images/52343/上衣/57f7ca7cf90a8310f062a9fb.jpg,#666666,1,2,0,1,1,2
57f7ca83f90a8310f062aa18,../images/52387/上衣/57f7ca83f90a8310f062aa18.jpg,#333333,1,0,0,1,1,2
57f7ca72f90a8310f062a9db,../images/52411/上衣/57f7ca72f90a8310f062a9db.jpg,#ffffff,1,3,0,1,1,2
57f7ca8ef90a8310f062aa37,../images/52499/上衣/57f7ca8ef90a8310f062aa37.jpg,#000000,1,3,0,1,1,0
57f7ca7ef90a8310f062aa0a,../images/52503/上衣/57f7ca7ef90a8310f062aa0a.jpg,#cccccc,1,1,0,1,1,2
57f7ca77f90a8310f062a9e7,../images/52509/上衣/57f7ca77f90a8310f062a9e7.jpg,#333366,1,2,0,1,0,2
57f7ca70f90a8310f062a9d6,../images/52525/上衣/57f7ca70f90a8310f062a9d6.jpg,#ffffff,1,1,1,1,1,2
57f7ca80f90a8310f062aa0f,../images/52527/上衣/57f7ca80f90a8310f062aa0f.jpg,#ffffff,1,1,1,1,1,2
57f7ca6df90a8310f062a9ce,../images/52545/上衣/57f7ca6df90a8310f062a9ce.jpg,#ffffff,1,1,0,1,1,2
57f7ca6af90a8310f062a9c4,../images/52565/上衣/57f7ca6af90a8310f062a9c4.jpg,#ffffff,1,1,1,1,1,2
57f7ca6bf90a8310f062a9c9,../images/52585/上衣/57f7ca6bf90a8310f062a9c9.jpg,#333333,1,1,1,1,1,2
57f7ca6df90a8310f062a9cf,../images/52601/上衣/57f7ca6df90a8310f062a9cf.jpg,#333333,1,1,1,1,1,2
57f7ca6ff90a8310f062a9d4,../images/52655/上衣/57f7ca6ff90a8310f062a9d4.jpg,#ffffff,1,1,1,1,1,2
57f7ca73f90a8310f062a9de,../images/52655/上衣/57f7ca73f90a8310f062a9de.jpg,#333333,1,1,1,1,1,2
57f7ca5ef90a8310f062a990,../images/52717/上衣/57f7ca5ef90a8310f062a990.jpg,#333333,1,2,0,1,1,2
57f7ca5ff90a8310f062a995,../images/52717/上衣/57f7ca5ff90a8310f062a995.jpg,#ffffff,1,1,0,1,1,2
57f7ca6df90a8310f062a9cd,../images/52721/上衣/57f7ca6df90a8310f062a9cd.jpg,#333333,1,1,0,1,1,2
57f7ca64f90a8310f062a9a7,../images/52751/上衣/57f7ca64f90a8310f062a9a7.jpg,#333333,1,1,0,1,1,2
57f7ca5ef90a8310f062a991,../images/52761/上衣/57f7ca5ef90a8310f062a991.jpg,#333333,1,0,0,1,1,2
57f7ca6ef90a8310f062a9d0,../images/52793/上衣/57f7ca6ef90a8310f062a9d0.jpg,#333333,1,1,0,1,1,2
57f7ca6ff90a8310f062a9d3,../images/52793/上衣/57f7ca6ff90a8310f062a9d3.jpg,#333366,1,0,1,1,0,2
57f7ca60f90a8310f062a99c,../images/52803/上衣/57f7ca60f90a8310f062a99c.jpg,#333333,1,1,1,1,1,2
57f7ca60f90a8310f062a99b,../images/52807/上衣/57f7ca60f90a8310f062a99b.jpg,#cccccc,1,1,0,1,1,2
57f7ca61f90a8310f062a99f,../images/52861/上衣/57f7ca61f90a8310f062a99f.jpg,#ffffff,1,1,1,1,1,2
57f7ca5ff90a8310f062a999,../images/52911/上衣/57f7ca5ff90a8310f062a999.jpg,#ffffff,1,0,1,1,1,2
57f7ca64f90a8310f062a9a5,../images/52915/上衣/57f7ca64f90a8310f062a9a5.jpg,#333333,1,0,0,1,1,2
57f7ca65f90a8310f062a9b1,../images/52915/上衣/57f7ca65f90a8310f062a9b1.jpg,#ccccff,1,0,0,1,4,2
57f7ca60f90a8310f062a99d,../images/52933/上衣/57f7ca60f90a8310f062a99d.jpg,#ffffff,1,1,0,1,0,2
57f7ca64f90a8310f062a9a9,../images/52945/上衣/57f7ca64f90a8310f062a9a9.jpg,#ffffff,1,0,0,1,1,2
57f7ca64f90a8310f062a9ab,../images/52945/上衣/57f7ca64f90a8310f062a9ab.jpg,#ffffff,1,0,0,1,1,2
57f7ca65f90a8310f062a9ad,../images/52945/上衣/57f7ca65f90a8310f062a9ad.jpg,#cccccc,1,0,0,1,1,2
57f7ca65f90a8310f062a9ae,../images/52945/上衣/57f7ca65f90a8310f062a9ae.jpg,#cccccc,1,0,0,0,1,2
57f7ca67f90a8310f062a9b7,../images/52949/上衣/57f7ca67f90a8310f062a9b7.jpg,#ffffff,1,1,1,1,1,2
57f7ca59f90a8310f062a97d,../images/52989/上衣/57f7ca59f90a8310f062a97d.jpg,#000000,1,3,0,1,1,2
57f7ca5af90a8310f062a983,../images/53015/上衣/57f7ca5af90a8310f062a983.jpg,#ffffff,1,0,1,1,1,2
57f7ca58f90a8310f062a97b,../images/53039/上衣/57f7ca58f90a8310f062a97b.jpg,#ffffff,1,0,1,1,1,2
57f7ca38f90a8310f062a906,../images/53117/上衣/57f7ca38f90a8310f062a906.jpg,#cccccc,1,1,1,1,0,2
57f7ca5bf90a8310f062a98a,../images/53141/上衣/57f7ca5bf90a8310f062a98a.jpg,#cccccc,1,1,0,1,1,2
57f7ca69f90a8310f062a9bd,../images/53163/上衣/57f7ca69f90a8310f062a9bd.jpg,#3366cc,1,2,0,1,1,2
57f7ca54f90a8310f062a96c,../images/53285/上衣/57f7ca54f90a8310f062a96c.jpg,#666666,1,2,1,1,1,2
57f7ca52f90a8310f062a95e,../images/53287/上衣/57f7ca52f90a8310f062a95e.jpg,#330000,0,1,1,1,1,0
57f7ca52f90a8310f062a961,../images/53287/上衣/57f7ca52f90a8310f062a961.jpg,#ffffff,1,1,1,1,1,0
57f7ca53f90a8310f062a964,../images/53315/上衣/57f7ca53f90a8310f062a964.jpg,#ffffff,1,3,1,1,1,2
57f7ca53f90a8310f062a967,../images/53325/上衣/57f7ca53f90a8310f062a967.jpg,#ffffff,1,1,0,1,1,2
57f7ca53f90a8310f062a96a,../images/53325/上衣/57f7ca53f90a8310f062a96a.jpg,#ffffff,1,1,0,1,1,2
57f7ca4df90a8310f062a94d,../images/53337/上衣/57f7ca4df90a8310f062a94d.jpg,#333333,1,1,1,1,1,0
57f7ca54f90a8310f062a96f,../images/53341/上衣/57f7ca54f90a8310f062a96f.jpg,#ffffff,1,1,1,1,1,0
57f7ca55f90a8310f062a976,../images/53369/上衣/57f7ca55f90a8310f062a976.jpg,#ffffff,1,0,0,1,1,2
57f7ca56f90a8310f062a977,../images/53369/上衣/57f7ca56f90a8310f062a977.jpg,#333333,1,0,0,1,1,2
57f7ca4ef90a8310f062a94f,../images/53513/上衣/57f7ca4ef90a8310f062a94f.jpg,#ffffff,1,0,0,1,1,2
57f7ca4ef90a8310f062a953,../images/53513/上衣/57f7ca4ef90a8310f062a953.jpg,#333333,1,0,1,1,1,0
57f7ca4ff90a8310f062a958,../images/53517/上衣/57f7ca4ff90a8310f062a958.jpg,#336666,1,0,0,1,2,0
57f7ca46f90a8310f062a933,../images/53529/上衣/57f7ca46f90a8310f062a933.jpg,#ffffff,1,1,0,1,2,2
57f7ca50f90a8310f062a959,../images/53603/上衣/57f7ca50f90a8310f062a959.jpg,#333333,1,1,0,0,1,0
57f7ca47f90a8310f062a93a,../images/53607/上衣/57f7ca47f90a8310f062a93a.jpg,#ffffff,1,3,1,1,1,2
57f7ca4af90a8310f062a943,../images/53647/上衣/57f7ca4af90a8310f062a943.jpg,#333333,1,1,0,1,1,2
57f7ca50f90a8310f062a95c,../images/53647/上衣/57f7ca50f90a8310f062a95c.jpg,#333333,1,1,0,1,1,0
57f7ca3ff90a8310f062a924,../images/53673/上衣/57f7ca3ff90a8310f062a924.jpg,#333333,1,2,0,1,1,2
57f7ca3ff90a8310f062a925,../images/53673/上衣/57f7ca3ff90a8310f062a925.jpg,#ffffff,1,2,0,1,1,2
57f7ca40f90a8310f062a926,../images/53681/上衣/57f7ca40f90a8310f062a926.jpg,#999999,1,0,0,1,1,2
57f7ca4af90a8310f062a942,../images/53719/上衣/57f7ca4af90a8310f062a942.jpg,#ffffff,1,1,1,1,1,2
57f7ca49f90a8310f062a93e,../images/53735/上衣/57f7ca49f90a8310f062a93e.jpg,#ccccff,1,0,0,1,0,2
57f7ca43f90a8310f062a92d,../images/53737/上衣/57f7ca43f90a8310f062a92d.jpg,#ffffff,1,1,1,1,1,2
57f7ca3ef90a8310f062a920,../images/53743/上衣/57f7ca3ef90a8310f062a920.jpg,#ffffff,1,1,1,1,1,2
57f7ca3ff90a8310f062a921,../images/53743/上衣/57f7ca3ff90a8310f062a921.jpg,#333333,1,1,1,1,1,2
57f7ca42f90a8310f062a92a,../images/53743/上衣/57f7ca42f90a8310f062a92a.jpg,#000000,1,1,0,1,1,2
57f7ca38f90a8310f062a90a,../images/53785/上衣/57f7ca38f90a8310f062a90a.jpg,#ffffcc,0,1,1,1,1,2
57f7ca3bf90a8310f062a912,../images/53801/上衣/57f7ca3bf90a8310f062a912.jpg,#ffffff,1,1,1,1,1,2
57f7ca3df90a8310f062a91b,../images/53843/上衣/57f7ca3df90a8310f062a91b.jpg,#cccccc,1,0,0,0,1,0
57f7ca42f90a8310f062a92c,../images/53851/上衣/57f7ca42f90a8310f062a92c.jpg,#ffffff,1,0,1,1,0,2
57f7ca3df90a8310f062a91c,../images/53869/上衣/57f7ca3df90a8310f062a91c.jpg,#999999,1,0,0,1,0,2
57f7ca3df90a8310f062a917,../images/53875/上衣/57f7ca3df90a8310f062a917.jpg,#ffffff,1,1,0,1,1,2
57f7ca29f90a8310f062a8c7,../images/53981/上衣/57f7ca29f90a8310f062a8c7.jpg,#333333,1,1,1,1,0,2
57f7ca34f90a8310f062a8ff,../images/54013/上衣/57f7ca34f90a8310f062a8ff.jpg,#333333,1,0,0,1,1,2
57f7ca3af90a8310f062a910,../images/54123/上衣/57f7ca3af90a8310f062a910.jpg,#ffffff,1,1,1,1,1,0
57f7ca2ff90a8310f062a8e0,../images/54159/上衣/57f7ca2ff90a8310f062a8e0.jpg,#ffffff,1,0,0,1,1,2
57f7ca2ff90a8310f062a8e3,../images/54159/上衣/57f7ca2ff90a8310f062a8e3.jpg,#333333,1,0,0,1,1,2
57f7ca31f90a8310f062a8f1,../images/54159/上衣/57f7ca31f90a8310f062a8f1.jpg,#666633,0,0,0,1,1,2
57f7ca31f90a8310f062a8ec,../images/54167/上衣/57f7ca31f90a8310f062a8ec.jpg,#333333,1,1,0,1,4,2
57f7ca32f90a8310f062a8f5,../images/54193/上衣/57f7ca32f90a8310f062a8f5.jpg,#333333,1,1,0,1,1,0
57f7ca28f90a8310f062a8c1,../images/54207/上衣/57f7ca28f90a8310f062a8c1.jpg,#ffffff,1,1,0,1,1,2
57f7ca31f90a8310f062a8f3,../images/54211/上衣/57f7ca31f90a8310f062a8f3.jpg,#ffffff,1,1,0,1,4,2
57f7ca33f90a8310f062a8f8,../images/54211/上衣/57f7ca33f90a8310f062a8f8.jpg,#ccccff,1,0,0,1,0,2
57f7ca32f90a8310f062a8f4,../images/54273/上衣/57f7ca32f90a8310f062a8f4.jpg,#333333,1,3,0,1,1,2
57f7ca32f90a8310f062a8f6,../images/54273/上衣/57f7ca32f90a8310f062a8f6.jpg,#333333,1,3,0,1,1,2
57f7ca33f90a8310f062a8fc,../images/54273/上衣/57f7ca33f90a8310f062a8fc.jpg,#333333,1,3,1,1,1,2
57f7ca34f90a8310f062a8fd,../images/54273/上衣/57f7ca34f90a8310f062a8fd.jpg,#6699cc,1,3,0,1,1,2
57f7ca34f90a8310f062a8fe,../images/54273/上衣/57f7ca34f90a8310f062a8fe.jpg,#cccc99,0,3,1,1,1,2
57f7ca2ff90a8310f062a8e4,../images/54277/上衣/57f7ca2ff90a8310f062a8e4.jpg,#ffffff,1,1,0,1,1,2
57f7ca30f90a8310f062a8e6,../images/54277/上衣/57f7ca30f90a8310f062a8e6.jpg,#333333,1,1,0,1,1,2
57f7ca30f90a8310f062a8e7,../images/54277/上衣/57f7ca30f90a8310f062a8e7.jpg,#333366,1,0,1,1,1,2
57f7ca31f90a8310f062a8ee,../images/54277/上衣/57f7ca31f90a8310f062a8ee.jpg,#ccffff,1,2,0,1,1,2
57f7ca25f90a8310f062a8b5,../images/54311/上衣/57f7ca25f90a8310f062a8b5.jpg,#333333,1,0,1,1,1,2
57f7ca1df90a8310f062a897,../images/54317/上衣/57f7ca1df90a8310f062a897.jpg,#000000,1,1,0,1,1,2
57f7ca21f90a8310f062a8a4,../images/54373/上衣/57f7ca21f90a8310f062a8a4.jpg,#333333,1,1,0,1,1,2
57f7ca24f90a8310f062a8af,../images/54381/上衣/57f7ca24f90a8310f062a8af.jpg,#cccccc,1,2,1,1,0,2
57f7ca25f90a8310f062a8b3,../images/54381/上衣/57f7ca25f90a8310f062a8b3.jpg,#333333,1,0,0,1,1,0
57f7ca23f90a8310f062a8aa,../images/54455/上衣/57f7ca23f90a8310f062a8aa.jpg,#333333,1,1,0,1,1,2
57f7ca25f90a8310f062a8b6,../images/54469/上衣/57f7ca25f90a8310f062a8b6.jpg,#333333,1,1,1,1,1,2
57f7ca27f90a8310f062a8bf,../images/54533/上衣/57f7ca27f90a8310f062a8bf.jpg,#333333,1,3,0,1,1,2
57f7ca24f90a8310f062a8b1,../images/54541/上衣/57f7ca24f90a8310f062a8b1.jpg,#333333,1,0,1,1,1,2
57f7ca2bf90a8310f062a8d0,../images/54545/上衣/57f7ca2bf90a8310f062a8d0.jpg,#cccccc,1,0,0,1,1,2
57f7ca2bf90a8310f062a8d1,../images/54545/上衣/57f7ca2bf90a8310f062a8d1.jpg,#333333,1,0,0,1,1,2
57f7ca1bf90a8310f062a88b,../images/54563/上衣/57f7ca1bf90a8310f062a88b.jpg,#ffffff,1,3,1,1,0,2
57f7ca26f90a8310f062a8ba,../images/54577/上衣/57f7ca26f90a8310f062a8ba.jpg,#000000,1,1,0,1,1,2
57f7ca26f90a8310f062a8bc,../images/54577/上衣/57f7ca26f90a8310f062a8bc.jpg,#333333,1,1,1,1,1,0
57f7ca1cf90a8310f062a88e,../images/54581/上衣/57f7ca1cf90a8310f062a88e.jpg,#003333,1,3,1,0,0,0
57f7ca1cf90a8310f062a890,../images/54663/上衣/57f7ca1cf90a8310f062a890.jpg,#ffffff,1,1,1,1,3,0
57f7ca1cf90a8310f062a891,../images/54663/上衣/57f7ca1cf90a8310f062a891.jpg,#333333,1,1,1,1,1,2
57f7ca1cf90a8310f062a893,../images/54663/上衣/57f7ca1cf90a8310f062a893.jpg,#ffffff,1,1,1,1,1,2
57f7ca1df90a8310f062a896,../images/54667/上衣/57f7ca1df90a8310f062a896.jpg,#ffffff,1,0,0,1,1,2
57f7ca1ef90a8310f062a89a,../images/54667/上衣/57f7ca1ef90a8310f062a89a.jpg,#6699cc,1,0,1,1,0,2
57f7ca21f90a8310f062a8a2,../images/54717/上衣/57f7ca21f90a8310f062a8a2.jpg,#333333,1,0,1,1,1,2
57f7ca17f90a8310f062a880,../images/54731/上衣/57f7ca17f90a8310f062a880.jpg,#333333,1,1,1,1,2,2
57f7ca15f90a8310f062a871,../images/54745/上衣/57f7ca15f90a8310f062a871.jpg,#000000,1,1,1,1,1,2
57f7ca15f90a8310f062a870,../images/54791/上衣/57f7ca15f90a8310f062a870.jpg,#333333,1,1,0,1,1,2
57f7ca16f90a8310f062a877,../images/54809/上衣/57f7ca16f90a8310f062a877.jpg,#999999,1,3,0,1,2,2
57f7ca16f90a8310f062a874,../images/54813/上衣/57f7ca16f90a8310f062a874.jpg,#333333,1,1,0,1,1,2
57f7ca17f90a8310f062a87e,../images/54813/上衣/57f7ca17f90a8310f062a87e.jpg,#ffffff,1,0,0,1,0,2
57f7ca1df90a8310f062a895,../images/54841/上衣/57f7ca1df90a8310f062a895.jpg,#990033,0,1,1,1,1,2
57f7ca18f90a8310f062a882,../images/54911/上衣/57f7ca18f90a8310f062a882.jpg,#ffffcc,0,3,0,1,0,2
57f7ca19f90a8310f062a884,../images/54911/上衣/57f7ca19f90a8310f062a884.jpg,#333333,1,0,0,1,1,2
57f7ca11f90a8310f062a85f,../images/54977/上衣/57f7ca11f90a8310f062a85f.jpg,#cccccc,1,0,0,1,1,2
57f7ca10f90a8310f062a85c,../images/54989/上衣/57f7ca10f90a8310f062a85c.jpg,#333333,1,1,0,1,1,2
57f7ca11f90a8310f062a85e,../images/54989/上衣/57f7ca11f90a8310f062a85e.jpg,#ffcc33,0,1,0,1,1,2
57f7ca0ff90a8310f062a853,../images/54999/上衣/57f7ca0ff90a8310f062a853.jpg,#ffffff,1,1,0,1,1,2
57f7ca12f90a8310f062a865,../images/55079/上衣/57f7ca12f90a8310f062a865.jpg,#333333,1,0,0,1,1,2
57f7ca10f90a8310f062a854,../images/55081/上衣/57f7ca10f90a8310f062a854.jpg,#333333,1,1,0,1,0,2
57f7ca0ff90a8310f062a84f,../images/55085/上衣/57f7ca0ff90a8310f062a84f.jpg,#99cccc,1,2,0,1,1,2
57f7ca0ff90a8310f062a850,../images/55085/上衣/57f7ca0ff90a8310f062a850.jpg,#99cccc,1,2,0,1,4,2
57f7ca10f90a8310f062a858,../images/55087/上衣/57f7ca10f90a8310f062a858.jpg,#333333,1,3,0,1,1,2
57f7ca0ef90a8310f062a84a,../images/55091/上衣/57f7ca0ef90a8310f062a84a.jpg,#333333,1,1,0,1,1,0
57f7ca0ef90a8310f062a84d,../images/55095/上衣/57f7ca0ef90a8310f062a84d.jpg,#666666,1,0,1,1,1,0
57f7ca10f90a8310f062a85b,../images/55103/上衣/57f7ca10f90a8310f062a85b.jpg,#ffffff,1,1,0,1,1,2
57f7ca0af90a8310f062a83d,../images/55217/上衣/57f7ca0af90a8310f062a83d.jpg,#ffffff,1,0,0,1,1,2
57f7ca0af90a8310f062a83e,../images/55217/上衣/57f7ca0af90a8310f062a83e.jpg,#999999,1,0,0,1,4,2
57f7ca09f90a8310f062a83a,../images/55223/上衣/57f7ca09f90a8310f062a83a.jpg,#cccccc,1,0,0,1,1,2
57f7ca08f90a8310f062a82f,../images/55229/上衣/57f7ca08f90a8310f062a82f.jpg,#000000,1,1,0,1,1,2
57f7ca07f90a8310f062a824,../images/55231/上衣/57f7ca07f90a8310f062a824.jpg,#333333,1,1,0,1,4,2
57f7ca07f90a8310f062a827,../images/55231/上衣/57f7ca07f90a8310f062a827.jpg,#ffffff,1,1,0,1,4,2
57f7ca08f90a8310f062a82c,../images/55231/上衣/57f7ca08f90a8310f062a82c.jpg,#333333,1,1,0,1,1,2
57f7ca09f90a8310f062a835,../images/55231/上衣/57f7ca09f90a8310f062a835.jpg,#ffffff,1,1,0,1,1,2
57f7ca09f90a8310f062a837,../images/55231/上衣/57f7ca09f90a8310f062a837.jpg,#333333,1,1,0,1,1,2
57f7ca09f90a8310f062a83c,../images/55231/上衣/57f7ca09f90a8310f062a83c.jpg,#ffffff,1,1,0,1,1,2
57f7ca07f90a8310f062a825,../images/55235/上衣/57f7ca07f90a8310f062a825.jpg,#cccccc,1,1,0,1,0,2
57f7ca06f90a8310f062a821,../images/55239/上衣/57f7ca06f90a8310f062a821.jpg,#cccccc,1,0,0,1,1,2
57f7ca0bf90a8310f062a840,../images/55241/上衣/57f7ca0bf90a8310f062a840.jpg,#000033,1,1,0,1,1,0
57f7ca08f90a8310f062a82d,../images/55249/上衣/57f7ca08f90a8310f062a82d.jpg,#333333,1,0,0,1,3,2
57f7ca08f90a8310f062a82a,../images/55293/上衣/57f7ca08f90a8310f062a82a.jpg,#333333,1,1,1,1,1,2
57f7ca01f90a8310f062a812,../images/55301/上衣/57f7ca01f90a8310f062a812.jpg,#ffffff,1,1,1,1,0,2
57f7ca01f90a8310f062a814,../images/55305/上衣/57f7ca01f90a8310f062a814.jpg,#cccccc,1,1,1,1,0,2
57f7ca08f90a8310f062a831,../images/55341/上衣/57f7ca08f90a8310f062a831.jpg,#ccccff,1,0,0,1,4,2
57f7ca09f90a8310f062a833,../images/55341/上衣/57f7ca09f90a8310f062a833.jpg,#333333,1,1,0,1,1,2
57f7ca02f90a8310f062a818,../images/55363/上衣/57f7ca02f90a8310f062a818.jpg,#333333,1,2,0,1,0,2
57f7ca12f90a8310f062a863,../images/55369/上衣/57f7ca12f90a8310f062a863.jpg,#ffffff,1,1,0,1,1,2
57f7ca12f90a8310f062a864,../images/55369/上衣/57f7ca12f90a8310f062a864.jpg,#ffffff,1,1,0,1,1,2
57f7ca00f90a8310f062a808,../images/55405/上衣/57f7ca00f90a8310f062a808.jpg,#000000,1,1,0,1,1,2
57f7ca01f90a8310f062a80f,../images/55405/上衣/57f7ca01f90a8310f062a80f.jpg,#000000,1,1,0,1,4,2
57f7ca01f90a8310f062a810,../images/55409/上衣/57f7ca01f90a8310f062a810.jpg,#333333,1,3,0,1,1,2
57f7ca00f90a8310f062a807,../images/55413/上衣/57f7ca00f90a8310f062a807.jpg,#333333,1,0,1,1,0,2
57f7ca00f90a8310f062a80a,../images/55507/上衣/57f7ca00f90a8310f062a80a.jpg,#333333,1,1,1,1,1,2
57f7ca01f90a8310f062a80d,../images/55531/上衣/57f7ca01f90a8310f062a80d.jpg,#993333,0,1,0,1,1,2
57f7ca04f90a8310f062a81e,../images/55551/上衣/57f7ca04f90a8310f062a81e.jpg,#999999,1,0,1,1,0,2
57f7c9fbf90a8310f062a7f8,../images/55565/上衣/57f7c9fbf90a8310f062a7f8.jpg,#333333,1,1,0,1,4,2
57f7c9faf90a8310f062a7f1,../images/55627/上衣/57f7c9faf90a8310f062a7f1.jpg,#666699,1,0,1,1,0,0
57f7ca0cf90a8310f062a846,../images/55635/上衣/57f7ca0cf90a8310f062a846.jpg,#999999,1,0,1,1,0,2
57f7ca13f90a8310f062a86b,../images/55635/上衣/57f7ca13f90a8310f062a86b.jpg,#333333,1,1,0,1,1,2
57f7c9fef90a8310f062a800,../images/55649/上衣/57f7c9fef90a8310f062a800.jpg,#ffffff,1,0,1,1,0,2
57f7c9f9f90a8310f062a7f0,../images/55651/上衣/57f7c9f9f90a8310f062a7f0.jpg,#ffffff,1,0,1,1,0,2
57f7c9fff90a8310f062a804,../images/55765/上衣/57f7c9fff90a8310f062a804.jpg,#ffffff,1,3,0,1,1,1
57f7c9fdf90a8310f062a7fd,../images/55859/上衣/57f7c9fdf90a8310f062a7fd.jpg,#333366,1,0,1,1,0,2
57f7c9f2f90a8310f062a7d0,../images/55973/上衣/57f7c9f2f90a8310f062a7d0.jpg,#ffffff,1,0,1,1,1,2
57f7c9f3f90a8310f062a7d7,../images/55983/上衣/57f7c9f3f90a8310f062a7d7.jpg,#ffffff,1,1,1,1,2,2
57f7c9f4f90a8310f062a7da,../images/55987/上衣/57f7c9f4f90a8310f062a7da.jpg,#ffffff,1,1,1,1,0,2
57f7c9f4f90a8310f062a7db,../images/55991/上衣/57f7c9f4f90a8310f062a7db.jpg,#333333,1,0,1,1,0,2
57f7c9f5f90a8310f062a7df,../images/55997/上衣/57f7c9f5f90a8310f062a7df.jpg,#cccc99,0,0,1,1,0,2
57f7c9f3f90a8310f062a7d4,../images/56015/上衣/57f7c9f3f90a8310f062a7d4.jpg,#ccccff,1,1,1,1,0,2
57f7c9f6f90a8310f062a7e4,../images/56215/上衣/57f7c9f6f90a8310f062a7e4.jpg,#ffffff,1,0,0,1,0,2
57f7ca02f90a8310f062a815,../images/56225/上衣/57f7ca02f90a8310f062a815.jpg,#333366,1,2,1,1,0,2
57f7ca02f90a8310f062a816,../images/56225/上衣/57f7ca02f90a8310f062a816.jpg,#333333,1,1,0,1,1,2
57f7c9f8f90a8310f062a7eb,../images/56227/上衣/57f7c9f8f90a8310f062a7eb.jpg,#333333,1,1,1,1,0,2
57f7c9fdf90a8310f062a7ff,../images/56301/上衣/57f7c9fdf90a8310f062a7ff.jpg,#ffffff,1,1,1,1,0,2
57f7c9f8f90a8310f062a7ed,../images/56313/上衣/57f7c9f8f90a8310f062a7ed.jpg,#666666,1,1,0,1,0,2
57f7c9f8f90a8310f062a7ee,../images/56313/上衣/57f7c9f8f90a8310f062a7ee.jpg,#cccccc,1,0,0,0,0,2
57f7c9ecf90a8310f062a7b1,../images/56419/上衣/57f7c9ecf90a8310f062a7b1.jpg,#333333,1,1,0,1,1,2
57f7c9ecf90a8310f062a7b3,../images/56419/上衣/57f7c9ecf90a8310f062a7b3.jpg,#333333,1,1,2,1,0,2
57f7c9edf90a8310f062a7b4,../images/56419/上衣/57f7c9edf90a8310f062a7b4.jpg,#333333,1,1,0,1,1,2
57f7c9edf90a8310f062a7b7,../images/56419/上衣/57f7c9edf90a8310f062a7b7.jpg,#333333,1,3,1,1,0,2
57f7c9edf90a8310f062a7b8,../images/56419/上衣/57f7c9edf90a8310f062a7b8.jpg,#ffffff,1,1,0,1,1,2
57f7c9edf90a8310f062a7b9,../images/56419/上衣/57f7c9edf90a8310f062a7b9.jpg,#cc3333,0,3,1,1,0,2
57f7c9edf90a8310f062a7bb,../images/56419/上衣/57f7c9edf90a8310f062a7bb.jpg,#ffffff,1,1,0,1,1,2
57f7c9eff90a8310f062a7c5,../images/56437/上衣/57f7c9eff90a8310f062a7c5.jpg,#ffffff,1,0,0,1,1,2
57f7c9ebf90a8310f062a7ab,../images/56439/上衣/57f7c9ebf90a8310f062a7ab.jpg,#333333,1,0,1,1,0,2
57f7c9ebf90a8310f062a7ac,../images/56439/上衣/57f7c9ebf90a8310f062a7ac.jpg,#ffcc66,0,1,1,1,0,2
57f7c9ecf90a8310f062a7ae,../images/56455/上衣/57f7c9ecf90a8310f062a7ae.jpg,#333333,1,3,1,1,0,2
57f7c9eef90a8310f062a7bf,../images/56455/上衣/57f7c9eef90a8310f062a7bf.jpg,#333333,1,0,1,1,0,2
57f7c9eaf90a8310f062a7a6,../images/56505/上衣/57f7c9eaf90a8310f062a7a6.jpg,#333333,1,1,2,1,0,2
57f7c9eaf90a8310f062a7a7,../images/56505/上衣/57f7c9eaf90a8310f062a7a7.jpg,#333333,1,1,1,1,0,0
57f7c9eff90a8310f062a7c1,../images/56523/上衣/57f7c9eff90a8310f062a7c1.jpg,#333333,1,0,2,1,0,2
57f7c9eff90a8310f062a7c3,../images/56523/上衣/57f7c9eff90a8310f062a7c3.jpg,#999999,1,3,0,1,0,2
57f7c9ecf90a8310f062a7af,../images/56543/上衣/57f7c9ecf90a8310f062a7af.jpg,#333333,1,1,1,1,0,2
57f7c9eef90a8310f062a7bd,../images/56609/上衣/57f7c9eef90a8310f062a7bd.jpg,#666699,1,2,0,1,0,2
57f7c9f1f90a8310f062a7cb,../images/56619/上衣/57f7c9f1f90a8310f062a7cb.jpg,#333333,1,1,0,1,1,2
57f7c9f6f90a8310f062a7e1,../images/56645/上衣/57f7c9f6f90a8310f062a7e1.jpg,#333333,1,1,1,1,0,2
57f7c9f2f90a8310f062a7ce,../images/56651/上衣/57f7c9f2f90a8310f062a7ce.jpg,#993333,0,0,1,0,0,2
57f7c9e3f90a8310f062a77d,../images/56657/上衣/57f7c9e3f90a8310f062a77d.jpg,#333333,1,0,1,1,0,2
57f7c9e4f90a8310f062a780,../images/56657/上衣/57f7c9e4f90a8310f062a780.jpg,#333333,1,2,1,0,0,2
57f7c9e8f90a8310f062a79c,../images/56725/上衣/57f7c9e8f90a8310f062a79c.jpg,#ffffff,1,0,1,1,0,2
57f7c9e6f90a8310f062a793,../images/56745/上衣/57f7c9e6f90a8310f062a793.jpg,#333333,1,0,0,1,0,2
57f7c9e6f90a8310f062a794,../images/56745/上衣/57f7c9e6f90a8310f062a794.jpg,#333333,1,1,1,1,0,2
57f7c9e4f90a8310f062a786,../images/56767/上衣/57f7c9e4f90a8310f062a786.jpg,#333333,1,0,1,1,0,2
57f7c9e6f90a8310f062a790,../images/56767/上衣/57f7c9e6f90a8310f062a790.jpg,#cccccc,1,0,1,1,0,2
57f7c9e7f90a8310f062a795,../images/56897/上衣/57f7c9e7f90a8310f062a795.jpg,#333333,1,0,1,1,0,2
57f7c9e4f90a8310f062a782,../images/56899/上衣/57f7c9e4f90a8310f062a782.jpg,#ccccff,1,0,1,1,0,2
57f7c9e4f90a8310f062a785,../images/56899/上衣/57f7c9e4f90a8310f062a785.jpg,#333333,1,0,1,0,0,2
57f7c9e4f90a8310f062a77f,../images/57037/上衣/57f7c9e4f90a8310f062a77f.jpg,#ffffff,1,0,1,1,0,2
57f7c9e5f90a8310f062a78a,../images/57043/上衣/57f7c9e5f90a8310f062a78a.jpg,#ccccff,1,0,0,1,1,2
57f7c9e7f90a8310f062a79a,../images/57043/上衣/57f7c9e7f90a8310f062a79a.jpg,#cc9933,0,2,2,1,0,2
57f7c9e1f90a8310f062a777,../images/57145/上衣/57f7c9e1f90a8310f062a777.jpg,#336666,1,1,2,2,0,2
57f7c9e8f90a8310f062a79f,../images/57193/上衣/57f7c9e8f90a8310f062a79f.jpg,#333333,1,0,0,1,1,2
57f7c9e9f90a8310f062a7a4,../images/57193/上衣/57f7c9e9f90a8310f062a7a4.jpg,#ffffff,1,0,1,0,0,2
57f7c9e5f90a8310f062a78b,../images/57197/上衣/57f7c9e5f90a8310f062a78b.jpg,#333333,1,0,0,0,1,2
57f7c9e5f90a8310f062a78c,../images/57197/上衣/57f7c9e5f90a8310f062a78c.jpg,#996633,0,0,1,1,0,2
57f7c9e5f90a8310f062a78d,../images/57197/上衣/57f7c9e5f90a8310f062a78d.jpg,#000000,1,0,1,1,2,2
57f7c9e9f90a8310f062a7a3,../images/57221/上衣/57f7c9e9f90a8310f062a7a3.jpg,#333333,1,0,1,1,0,2
57f7c9ecf90a8310f062a7ad,../images/57221/上衣/57f7c9ecf90a8310f062a7ad.jpg,#333333,1,0,1,1,0,2
57f7c9def90a8310f062a76a,../images/57225/上衣/57f7c9def90a8310f062a76a.jpg,#333333,1,0,1,1,0,2
57f7c9e3f90a8310f062a77c,../images/57247/上衣/57f7c9e3f90a8310f062a77c.jpg,#336666,1,0,1,1,0,2
57f7c9e9f90a8310f062a7a5,../images/57249/上衣/57f7c9e9f90a8310f062a7a5.jpg,#333366,1,1,1,1,0,2
57f7c9d8f90a8310f062a748,../images/57315/上衣/57f7c9d8f90a8310f062a748.jpg,#333333,1,1,1,1,0,0
57f7c9e1f90a8310f062a779,../images/57445/上衣/57f7c9e1f90a8310f062a779.jpg,#333333,1,1,1,1,0,2
57f7c9e3f90a8310f062a77e,../images/57445/上衣/57f7c9e3f90a8310f062a77e.jpg,#333333,1,0,1,1,0,2
57f7c9d8f90a8310f062a744,../images/57453/上衣/57f7c9d8f90a8310f062a744.jpg,#cccccc,1,1,1,1,0,2
57f7c9dff90a8310f062a76c,../images/57489/上衣/57f7c9dff90a8310f062a76c.jpg,#ffffff,1,1,0,1,0,2
57f7c9d9f90a8310f062a74e,../images/57491/上衣/57f7c9d9f90a8310f062a74e.jpg,#333333,1,0,0,1,0,2
57f7c9e1f90a8310f062a778,../images/57607/上衣/57f7c9e1f90a8310f062a778.jpg,#333333,1,0,1,1,0,2
57f7c9e8f90a8310f062a79d,../images/57607/上衣/57f7c9e8f90a8310f062a79d.jpg,#333333,1,0,1,1,0,2
57f7c9d9f90a8310f062a74a,../images/57617/上衣/57f7c9d9f90a8310f062a74a.jpg,#cccccc,1,0,1,1,0,2
57f7c9d9f90a8310f062a74b,../images/57617/上衣/57f7c9d9f90a8310f062a74b.jpg,#ffffff,1,0,1,1,0,2
57f7c9d9f90a8310f062a74f,../images/57619/上衣/57f7c9d9f90a8310f062a74f.jpg,#cccccc,1,3,1,1,0,2
57f7c9d9f90a8310f062a750,../images/57619/上衣/57f7c9d9f90a8310f062a750.jpg,#333333,1,0,1,1,0,2
57f7ca2ff90a8310f062a8df,../images/57625/上衣/57f7ca2ff90a8310f062a8df.jpg,#cccccc,1,0,1,1,0,2
57f7c9e8f90a8310f062a7a0,../images/57637/上衣/57f7c9e8f90a8310f062a7a0.jpg,#cccccc,1,0,1,1,0,2
57f7ca19f90a8310f062a885,../images/57641/上衣/57f7ca19f90a8310f062a885.jpg,#cccccc,1,1,1,1,0,2
57f7c9dbf90a8310f062a75c,../images/57665/上衣/57f7c9dbf90a8310f062a75c.jpg,#333333,1,1,1,1,0,2
57f7c9dbf90a8310f062a75e,../images/57665/上衣/57f7c9dbf90a8310f062a75e.jpg,#cc9966,0,0,1,1,0,2
57f7c9dcf90a8310f062a762,../images/57665/上衣/57f7c9dcf90a8310f062a762.jpg,#999999,1,0,1,1,0,2
57f7c9dcf90a8310f062a763,../images/57665/上衣/57f7c9dcf90a8310f062a763.jpg,#cccccc,1,1,1,1,0,2
57f7c9dcf90a8310f062a764,../images/57665/上衣/57f7c9dcf90a8310f062a764.jpg,#cccccc,1,3,1,1,0,2
57f7c9daf90a8310f062a753,../images/57675/上衣/57f7c9daf90a8310f062a753.jpg,#333333,1,1,1,1,0,2
57f7c9daf90a8310f062a754,../images/57675/上衣/57f7c9daf90a8310f062a754.jpg,#333333,1,1,1,1,0,2
57f7c9dbf90a8310f062a759,../images/57675/上衣/57f7c9dbf90a8310f062a759.jpg,#333333,1,1,1,1,0,2
57f7c9d8f90a8310f062a745,../images/57721/上衣/57f7c9d8f90a8310f062a745.jpg,#333366,1,0,1,1,0,2
57f7ca2bf90a8310f062a8d3,../images/57721/上衣/57f7ca2bf90a8310f062a8d3.jpg,#333333,1,0,1,1,0,2
57f7c9d8f90a8310f062a746,../images/57725/上衣/57f7c9d8f90a8310f062a746.jpg,#333333,1,1,1,1,0,2
57f7c9f0f90a8310f062a7ca,../images/57725/上衣/57f7c9f0f90a8310f062a7ca.jpg,#333366,1,1,1,1,0,2
57f7ca03f90a8310f062a81b,../images/57725/上衣/57f7ca03f90a8310f062a81b.jpg,#9999cc,1,0,0,1,0,2
57f7ca04f90a8310f062a81d,../images/57725/上衣/57f7ca04f90a8310f062a81d.jpg,#999966,0,0,1,1,0,2
57f7ca14f90a8310f062a86e,../images/57725/上衣/57f7ca14f90a8310f062a86e.jpg,#cc3333,0,1,1,1,0,0
57f7ca1af90a8310f062a888,../images/57725/上衣/57f7ca1af90a8310f062a888.jpg,#333333,1,3,1,1,0,2
57f7ca2bf90a8310f062a8d4,../images/57729/上衣/57f7ca2bf90a8310f062a8d4.jpg,#333333,1,3,2,1,0,2
57f7ca2cf90a8310f062a8d7,../images/57729/上衣/57f7ca2cf90a8310f062a8d7.jpg,#333333,1,3,1,0,0,0
57f7c9ddf90a8310f062a765,../images/57731/上衣/57f7c9ddf90a8310f062a765.jpg,#333333,1,1,1,1,0,2
57f7c9def90a8310f062a769,../images/57731/上衣/57f7c9def90a8310f062a769.jpg,#333333,1,0,0,1,0,2
57f7c9e0f90a8310f062a773,../images/57737/上衣/57f7c9e0f90a8310f062a773.jpg,#cccccc,1,1,0,1,2,2
57f7cdd0f90a8310f062b173,../images/9803/上衣/57f7cdd0f90a8310f062b173.jpg,#ffffff,1,1,0,0,0,2
