../images/13883/上衣/57f7cdb0f90a8310f062b13d.jpg,#ffffff,0.5048147929343653,0.37301352868198734,0.043421752230164826,0.0625,12,0.04216525057763145,3,-100,-100,-100,-100,0.0058477046556029838,0.0049248774229231195,0.0057565986100091577,0.0058665204754574036,0.44815124843755605,0.42211424024036753,0.49999701890437415,0.48088373214044339,12.650137693631667,13.082396582733805,7.89383955383955,11.265201300498063
../images/14611/上衣/57f7cda9f90a8310f062b129.jpg,#9999cc,0.91121682123441,0.04557083466581388,0.01566997121842021,0.1875,8,0.14528525495176994,2,-100,-100,-100,-100,0.28473097714190926,0.28069947445146565,0.28785384234206618,0.2809635984067772,0.62191563139751804,0.6133904363473226,0.63609602924269248,0.61270516983421852,5.4773666092943181,6.6084238378527962,5.597546117546119,6.7441806170448251
../images/16267/上衣/57f7cda2f90a8310f062b118.jpg,#cccccc,0.441974284529241,0.2970551638324347,0.23940273745333887,0,0,0.02847838712353771,2,-100,-100,-100,-100,0.30299783967749527,0.2990724946435937,0.30606473276917295,0.29928208619122432,0.63223568731667723,0.62848361401276398,0.66842347075191522,0.62991745097433072,4.5522547332185876,4.9467868013281704,3.3568511368511369,4.8541781959048134
../images/16267/上衣/57f7cda3f90a8310f062b119.jpg,#cccccc,0.7706309187061862,0.15340466527282418,0.031156479317837084,0,0,0.13551440160609662,7,-100,-100,-100,-100,0.29643101592193705,0.29332280464287824,0.30032055069410274,0.29306162332041191,0.58462061512017394,0.58063183558797038,0.58918734409096052,0.58198036405639952,10.856583476764206,11.481729039845044,10.652243672243674,11.1669030160487
../images/16783/上衣/57f7cd99f90a8310f062b0ff.jpg,#333333,0.6890145041847421,0.19096446255641733,0.07081197142982341,0.1736111111111111,108,0.2712191484929224,0,-100,-100,-100,-100,0.31761767679582359,0.31296313562711769,0.32005795897938749,0.31314466952773329,0.6107141446226042,0.60639685467292515,0.62009056007788432,0.60586111205672855,22.272078313252997,23.035547523519625,20.362007722007711,23.998841311566128
../images/17397/上衣/57f7cd93f90a8310f062b0fa.jpg,#333366,0.7680101973539625,0.1511581908487539,0.031031603006461253,0.25,7,0.03726219857415337,1,-100,-100,-100,-100,0.31377612503740065,0.31052307699228332,0.3154935751618505,0.31032930990609076,0.60748003739114975,0.59979463234089736,0.62613934678609584,0.60013181155129625,8.0890146299483714,8.5738620641948025,5.9063963963963957,8.626738032650799
../images/20431/上衣/57f7cd5cf90a8310f062b0bb.jpg,#333333,0.4456807717605788,0.3279982459986845,0.12513703135277351,0.14942528735632185,87,0.4831304968236763,9,-100,-100,-100,-100,0.0035116257691202423,0.0032247445175039215,0.0037410526448492967,0.0036331319525259877,0.3392819519846299,0.32429877963944498,0.37608353985957965,0.36006135450733673,30.122508605851973,31.778418130879917,21.609360789360807,31.399868566685125
../images/20865/上衣/57f7cd63f90a8310f062b0c4.jpg,#000000,0.7194572401361906,0.1420989385139195,0.06208692169036651,0.16860465116279069,43,0.18531109525061668,5,-100,-100,-100,-100,0.0030791704499334924,0.0029161231391733071,0.0032470628746047014,0.003034721367541814,0.37295073733667711,0.35923760886407147,0.39677351143221684,0.37063960870156365,13.74603700516351,13.909289395406752,9.5736979836979863,13.753463094908689
../images/22369/上衣/57f7cd55f90a8310f062b0b0.jpg,#333366,0.5065783703183931,0.3822471713007631,0.09608806245066222,0.25,1,0.6097728044891115,5,9.5018795133233667,9.5018795133233667,4.9400101762487356,12.038133853162901,0.31964052738801285,0.3158022899292397,0.32327099981025337,0.31562744799044107,0.61268089255340719,0.6023334251184973,0.62707818696021611,0.60280623037226988,9.7674010327022334,10.714383301051468,7.2009352209352251,10.677962437742114
../images/27036/上衣/57f7ccfaf90a8310f062b026.jpg,#003333,0.6801453412924994,0.24266805086945237,0.07194393978717882,0.25,2,0.006850692529760939,0,-100,-100,-100,-100,0.0088523637024123039,0.0084924045206513643,0.0084370344788620173,0.0076552326867703321,0.47585642520537619,0.48219306913643578,0.52312886820952742,0.4560174465181977,9.0013855421686717,8.7949164706696212,5.6980952380952372,8.7859020475926926
../images/34926/上衣/57f7cc56f90a8310f062af0d.jpg,#ffffff,0.9097302078726227,0.08230871295886776,0.0017249004865103937,0.25,1,0.01000475363985098,0,-100,-100,-100,-100,0.36266865441542412,0.35871866218800547,0.37078790891461416,0.35820863603188696,0.74981352788478151,0.74631948519853508,0.79384325669327205,0.74652809570303935,2.7048020654044755,3.1685459324847813,2.2723552123552122,3.1407374100719427
../images/35686/上衣/57f7cc64f90a8310f062af27.jpg,#ffffff,0.8647433839379902,0.12970692106590836,0.0038068155758381873,0,0,0.001204218204338626,0,-100,-100,-100,-100,0.36017863177877485,0.35787026783552733,0.37221701560910053,0.35690358393069654,0.72714745911140588,0.72647735501259625,0.81107548711655175,0.72414163879364057,2.3338511187607565,2.5524263281682349,1.472333762333762,2.6279399557277254
../images/35708/上衣/57f7cc61f90a8310f062af1f.jpg,#ffffff,0.8887332399439664,0.05131078647188313,0.04202521512907745,0,0,0.009344905599935931,0,-100,-100,-100,-100,0.32699421577692639,0.32359862512695609,0.34312028977865522,0.3232407953690179,0.74813329525041561,0.74681065557369952,0.79505954145536384,0.74531955267450523,2.9264716006884672,3.4623426258992813,2.6073788073788067,3.4265529883785284
../images/35820/上衣/57f7cc4af90a8310f062aefa.jpg,#ffffcc,0.45435462451270187,0.22961915777749217,0.1953476416912993,0,0,0.0008146683174419415,0,-100,-100,-100,-100,0.31811962678597355,0.31454049125690958,0.32247622226933692,0.3145096717880892,0.7233842802405317,0.72175880022783323,0.77996574702799959,0.72275401318643262,2.3805077452667813,2.6976428472606533,1.6405491205491203,2.7864986856668508
../images/36246/上衣/57f7cc37f90a8310f062aec9.jpg,#666666,0.8281964690291967,0.08062240841277306,0.05758132774761681,0.0,1,0.03441421029006263,1,-100,-100,-100,-100,0.31079060932690677,0.30698473797039555,0.31370913885019419,0.30684505998426292,0.60203975563869228,0.59766453680770792,0.6231051960064381,0.59698674308859745,7.7963683304647162,8.0407702684006601,5.2688974688974719,8.2465844631986727
../images/37516/上衣/57f7cc2df90a8310f062aeaf.jpg,#cccc99,0.756579515057382,0.0848649581499698,0.06898783329018897,0.15909090909090909,22,0.1969804848053335,5,-100,-100,-100,-100,0.31990130340331074,0.3160798561002589,0.32303831551720869,0.31610542840392214,0.62801436577068881,0.6218064543746078,0.64455038019064403,0.62557198582095708,10.818820998278833,11.632470946319874,9.3397254397254432,11.024194106253459
../images/37522/上衣/57f7cbfcf90a8310f062ae31.jpg,#333333,0.9174194100774862,0.03733036516974186,0.03608887366753714,0.19642857142857142,14,0.055473756913472505,1,-100,-100,-100,-100,0.30843704584134424,0.30483999108297755,0.31183618428135801,0.30449826106862138,0.69014921770317006,0.69080961659255224,0.72226354276252092,0.68453223214936088,7.1086402753872644,7.6569504012174923,5.42737022737023,7.685926258992807
../images/37570/上衣/57f7cc12f90a8310f062ae67.jpg,#333366,0.5788475114719379,0.4016060713025062,0.012442640310624779,0,0,0.0055060853829432726,0,-100,-100,-100,-100,0.0056807210030187117,0.0024829675264171334,0.0027628155090188566,0.0025784614666709759,0.69249611311820625,0.51135948045280122,0.52455204460087079,0.52700726721769831,3.6494922547332185,4.2616041781959044,2.9257400257400255,4.2265927642501353
../images/37912/上衣/57f7cc19f90a8310f062ae74.jpg,#333333,0.8414012168933429,0.08299033643521833,0.056997136721546174,0.25,1,0.0010918681023332382,0,-100,-100,-100,-100,0.16292778670929106,0.16540718458009443,0.17626531176331689,0.16525404191005752,0.5906762664999663,0.59341515195694416,0.63943402956596884,0.59155540280933938,8.0825043029259884,7.8110516394576708,4.7354096954096931,7.8031310528500324
../images/39418/上衣/57f7cbebf90a8310f062ae10.jpg,#ffffff,0.6465262214253698,0.24204392649036308,0.059569699686239354,0.13596491228070176,57,0.235406162464986,6,-100,-100,-100,-100,0.34272651794786735,0.33923165157256724,0.34674211547454792,0.33927628430946177,0.69884633748659619,0.69382050772168691,0.73781376248484098,0.69860422993428051,6.155611015490531,7.1032702684006637,4.8551008151008146,6.9083512036524608
../images/39472/上衣/57f7cbe7f90a8310f062ae08.jpg,#ffffff,0.9537604456824512,0.03709377901578459,0.004224698235840297,0.25,2,0.003997447203527501,0,-100,-100,-100,-100,0.35788473519415753,0.35521272323147418,0.36518182868472443,0.35453993675526579,0.75583754253931135,0.75961238023533817,0.81028698726417669,0.75755740288348994,2.1100860585197929,2.3747060044272268,1.7707250107250108,2.3866474128389599
../images/40058/上衣/57f7cbdbf90a8310f062ade7.jpg,#cccccc,0.5197212038193465,0.2617541597840538,0.16288626566214093,0,0,0.07815988830701458,1,-100,-100,-100,-100,0.28868312650343192,0.28498308619438661,0.29170314585591306,0.28507189596753096,0.65897805274268673,0.65533553079564655,0.69353445628826138,0.64994447803523692,3.6499225473321864,3.9241664360819035,2.5831059631059636,4.0204326923076934
../images/41154/上衣/57f7cba7f90a8310f062ad8a.jpg,#666699,0.40473708352445686,0.22684625328384972,0.13489846128184813,0.18627450980392157,51,0.2995206126143044,3,0.0,0.0,0.01125128593473587,5.5,0.3010335113875714,0.29680289324713505,0.30409179043908779,0.29690307384393044,0.58264613398793363,0.57355195004560466,0.59985868936586095,0.57540036855500698,21.165413080895025,27.57665502213613,14.698936078936081,26.876418096292198
../images/41376/上衣/57f7cb89f90a8310f062ad38.jpg,#333333,0.9616856660767933,0.02876661591011976,0.00522655253302605,0,0,0.016362252663622526,0,-100,-100,-100,-100,0.27737879849864172,0.27335222681826499,0.27843216110024349,0.27323689845090893,0.58568934212658086,0.57644302534352032,0.59256085250444401,0.57606171007459417,8.453885542168674,9.1236899903154356,7.3321578721578735,9.1503787354731561
../images/41376/上衣/57f7cb8af90a8310f062ad39.jpg,#ccccff,0.4249087254379128,0.31242564712638965,0.13742462156951224,0,0,0.01013910482377148,1,-100,-100,-100,-100,0.30349910039407696,0.29962352568917622,0.30674673514293849,0.29967467587616753,0.69189084542037804,0.68460403924402857,0.72148328563933095,0.6921097596261192,3.0029690189328746,3.308954759269509,2.5551694551694548,3.3082889457664653
../images/41448/上衣/57f7cba3f90a8310f062ad81.jpg,#9999cc,0.7732006719214369,0.1876469828143171,0.01294740922599819,0.20000000000000001,5,0.05978022120006202,4,-100,-100,-100,-100,0.081569852235966231,0.078670460829997207,0.08415578074857355,0.078948458308152406,0.38796980241655898,0.38643296643652691,0.45985453859606873,0.38819389541982963,9.5903528399311462,10.603832318760375,7.4027241527241552,10.754790398450469
../images/41448/上衣/57f7cba4f90a8310f062ad86.jpg,#666699,0.654448649124351,0.2567983807093197,0.0590513068731849,0,0,0.06721607288251216,4,-100,-100,-100,-100,0.3274381869869446,0.32363404346372632,0.33032189610091794,0.32354468935084413,0.61010069901949693,0.60746713263212326,0.61866745622264974,0.60678350801691439,7.9911962134251295,7.9794289568345276,6.2256027456027399,8.0667715827338125
../images/42500/上衣/57f7cb84f90a8310f062ad21.jpg,#cccccc,0.6990018148820326,0.13511796733212342,0.12862976406533574,0,0,0.008392123530245077,1,-100,-100,-100,-100,0.0051129075004221472,0.0054058136940824614,0.0069723629586563932,0.0050653149070145811,0.53927410842070644,0.56086357121764485,0.6452187227586732,0.54140125933128136,3.2709681583476775,3.0431179095185383,1.6733204633204637,3.2016636690647484
../images/42500/上衣/57f7cb85f90a8310f062ad27.jpg,#663333,0.5436820083682008,0.3007112970711297,0.08217573221757322,0,0,1.070443735953588,1,3.3166247903553998,3.3166247903553998,8.8524307648349474,28.442489458758182,0.29508648253574915,0.29123792061203518,0.29842774973907532,0.2909593548772883,0.58854490859404285,0.57885295349554611,0.59856299970003302,0.57884846843845927,12.145834767641997,13.834177850027677,10.335692835692829,13.747786386275589
../images/42500/上衣/57f7cb86f90a8310f062ad2d.jpg,#ffffff,0.8252866917220777,0.16955767562879445,0.0009636696540425942,0,0,0.009174588257972795,0,-100,-100,-100,-100,0.37899732048429752,0.37636398288274375,0.38635454033735883,0.37609572738676467,0.74110906438083746,0.73899736598323063,0.79599034436597227,0.7456359789803978,2.633614457831325,3.1281388350857773,1.9944229944229934,3.139855423353624
../images/43756/上衣/57f7cb62f90a8310f062acc0.jpg,#666633,0.9328892589508743,0.03413821815154038,0.01819317235636969,0.25,4,0.036441335228012094,1,-100,-100,-100,-100,0.29797866614293406,0.2942372869911592,0.30089560557983991,0.29400489040114297,0.65004876050555682,0.64525237440451155,0.67398560513551031,0.64456930295414416,6.3953184165232395,6.9108761068068674,4.7079365079365081,6.9933505118981705
../images/44502/上衣/57f7cb57f90a8310f062ac98.jpg,#cccccc,0.28647958132443235,0.1356574772324556,0.13318498372275106,0.13934426229508196,61,0.8358507284304231,6,-100,-100,-100,-100,0.29615603610347463,0.29203596701552459,0.29894990959887996,0.29214826719517889,0.59904707014624525,0.58646949102464097,0.60515326743920206,0.58828979586403773,21.525352839931159,27.503597122302171,22.677305877305866,26.589296831765349
../images/44622/上衣/57f7cb58f90a8310f062aca0.jpg,#333333,0.9103346953767044,0.044304669207107114,0.02157843992470502,0.19444444444444445,18,0.1302220333337162,2,-100,-100,-100,-100,0.0062831738652421344,0.0057440253887952424,0.0060505630101511708,0.0053362753626899611,0.59371514204121389,0.57904526394278277,0.62260982688703381,0.56730032489938842,7.2358734939758982,7.9757237479247367,5.8062419562419576,7.9908385791366925
../images/45085/上衣/57f7cb4ff90a8310f062ac7d.jpg,#ffffff,0.8778052838764661,0.0738200560042206,0.02025080150967899,0,0,0.007160510116567624,1,-100,-100,-100,-100,0.32415188577953319,0.32224758296303313,0.33533557374252349,0.3206608309444598,0.73910972163971056,0.73689729746860877,0.79834806973434014,0.73129680424429289,2.4723623063683307,2.8630067100166023,2.0278678678678679,2.871705520199225
../images/45317/上衣/57f7cb41f90a8310f062ac50.jpg,#333333,0.943437671609006,0.03798279333699432,0.012172798828482519,0.20000000000000001,5,0.03355973518422092,0,-100,-100,-100,-100,0.0054014102728840024,0.0023902953543147422,0.0025618661868340108,0.0024304736683444035,0.67935943830548617,0.50189559480921264,0.49889181485611378,0.50948763645669426,6.4585886402753889,7.0050238655229649,4.8544058344058287,6.912207733812946
../images/46189/上衣/57f7cb2ff90a8310f062ac13.jpg,#cccccc,0.9382982395581636,0.029124956851915774,0.015360717984121504,0,0,0.06750818240150114,3,-100,-100,-100,-100,0.31752057453134402,0.31408173090927399,0.32079275902120175,0.31373726957901688,0.60342509973646097,0.59954377044302598,0.61030214315144427,0.59961480421914037,8.67542168674699,9.6141653984504725,7.6695752895752873,9.7990367321527376
../images/46399/上衣/57f7cb29f90a8310f062abfb.jpg,#cccc99,0.5109353388658368,0.16385719225449516,0.10758125864453666,0.15776699029126215,103,1.3095759108272684,1,0.0,0.0,5.5649837926295254,18.844112919317173,0.32014854420756539,0.31621337756675671,0.32345752536872241,0.31597023642136907,0.58209729900302676,0.57571652620842462,0.59075432162361996,0.57593809043628164,18.169320137693639,21.294687327061435,16.019090519090529,21.125873339789699
../images/46445/上衣/57f7cb30f90a8310f062ac14.jpg,#ffffff,0.8617819246249543,0.12843029637760703,0.003384559092572265,0.1875,16,0.040126492520243376,0,-100,-100,-100,-100,0.35350496165878159,0.34981953580426239,0.35724775809087267,0.34982073730137819,0.74574781267514323,0.74428165763600185,0.79943518249953249,0.74896922567514845,3.2607831325301211,3.4446510099612637,2.5936507936507933,3.5345444798007741
../images/46863/上衣/57f7cb1ef90a8310f062abd1.jpg,#cccccc,0.9231954042128049,0.04820581133960536,0.02247939388893514,0.25,1,0.054100622055646655,3,-100,-100,-100,-100,0.30559816656285826,0.30174208597709673,0.30860230718860066,0.30150772699007988,0.62671806221191606,0.62276414348643161,0.64539807372992486,0.62359171857309914,5.057478485370055,5.3486009269507502,3.6283311883311886,5.3346274903154391
../images/47067/上衣/57f7cb24f90a8310f062abe1.jpg,#cccccc,0.8713904147558333,0.051705891246283324,0.05125233079675452,0,0,0.079621664850977,2,-100,-100,-100,-100,0.39075077868333424,0.38650596934228182,0.39303123633837928,0.38641342863343181,0.65620818992910923,0.64166945811254406,0.67861951082194039,0.64077475177180809,7.619027538726332,10.692169341449915,5.1666666666666652,11.148338060320967
../images/47679/上衣/57f7cb16f90a8310f062abb7.jpg,#cccccc,0.21766872216512503,0.2079907502569373,0.2016101404590613,0,0,0.18612970599260964,3,1.9364916731037085,1.9364916731037085,7.0638570441554815,5.2662447088350666,0.31429056256683974,0.31070513482059792,0.31744206687842469,0.31054622578686819,0.65854702831839207,0.63358151145709407,0.64974304947183481,0.63339622772226722,6.0730464716006907,13.21680444106253,13.879613899613899,13.25755741560598
../images/47687/上衣/57f7cb13f90a8310f062abb2.jpg,#ccccff,0.8275679023268159,0.14735026099265683,0.020746704414757143,0,0,0.02582433696139353,2,-100,-100,-100,-100,0.33651266391481838,0.33262412935228169,0.33938396682212646,0.33248351632839146,0.6779525717445819,0.67357173293351902,0.69930837582494254,0.67548200923801138,3.5812048192771089,3.8130879911455446,2.5788159588159592,3.8350425428887651
../images/48371/上衣/57f7cb07f90a8310f062ab94.jpg,#333333,0.8454616588419406,0.08005672926447574,0.03990610328638498,0,0,0.0007038029841246527,0,-100,-100,-100,-100,0.36913150645364834,0.36591696714319882,0.37300063265140482,0.36580638744423433,0.67043225772394566,0.66854301554088169,0.69285973522196009,0.66678622534909437,5.7156970740103272,5.9932035141117854,3.932415272415271,6.2166660902047575
../images/48883/上衣/57f7caf5f90a8310f062ab5e.jpg,#ffffff,0.6049779205138499,0.13759534323564834,0.07542151746286632,0.15340909090909091,44,0.2675998043421003,8,-100,-100,-100,-100,0.38788717095761949,0.38400109599670595,0.39118055343447872,0.38380164526044092,0.69393755590991391,0.69222206761685523,0.72860661045616526,0.69192011348291083,12.823265920826161,13.074463025733253,9.4847962247962236,12.814683349474262
../images/49239/上衣/57f7cae4f90a8310f062ab32.jpg,#ccccff,0.4955533596837945,0.43379446640316205,0.042894358605821054,0,0,0.04257314539226147,1,-100,-100,-100,-100,0.34007047952073854,0.33627726647712253,0.34282908611866136,0.33628808510090558,0.6564667593305108,0.65432912595277537,0.68177591429191509,0.6518460333853493,4.8989586919104999,4.9663115661317105,3.3553153153153144,5.1650958079690117
../images/49879/上衣/57f7cad5f90a8310f062ab0e.jpg,#333333,0.6282720158316093,0.3522083295853198,0.008050733111450931,0.072033898305084748,59,0.4016650552020327,11,-100,-100,-100,-100,0.3308871116442656,0.32631247621032916,0.33265884068477369,0.32626802010673556,0.64660281084633209,0.63862117925325712,0.65660452342896436,0.63913861537708994,18.487435456110148,19.652064886552296,18.01383955383956,19.394386413945767
../images/50125/上衣/57f7cad1f90a8310f062ab00.jpg,#333333,0.929814468574716,0.05863176566470109,0.0071911405148856605,0.25,4,0.04945818116506017,2,-100,-100,-100,-100,0.35893602398899738,0.35448557313010132,0.36098682159821172,0.35449505169977141,0.73114974661965959,0.72962173664775887,0.7669778382569703,0.73584618696341053,7.6835370051635117,8.1423111510791379,5.5223509223509204,8.1575383923630334
../images/50463/上衣/57f7cac4f90a8310f062aade.jpg,#ffffff,0.5098282925931041,0.16935966487133453,0.16365142936058555,0,0,0.01092965329989243,1,-100,-100,-100,-100,0.34523597909896292,0.34123768799890369,0.34753976717110557,0.34112405263449208,0.69881558309502434,0.70111185590024527,0.77132381825694862,0.70404685771186959,3.3351204819277105,3.5235196458218034,2.7497897897897907,3.5191875345877133
../images/51235/上衣/57f7caaff90a8310f062aa9d.jpg,#333333,0.7772893454038997,0.1993384401114206,0.008878830083565459,0.20454545454545456,22,0.16355506234088388,1,-100,-100,-100,-100,0.31914363236385423,0.31529914108821727,0.32205018592779217,0.31540324380600865,0.61789400930319494,0.61342426875003897,0.62620810354512202,0.61189533761724502,18.577082616178991,19.576438848920855,17.821184041184036,19.704741975650251
../images/51381/上衣/57f7caa0f90a8310f062aa73.jpg,#333333,0.8474392136575272,0.08215209518882566,0.01965856182100362,0.16666666666666666,42,0.20341547633673673,3,-100,-100,-100,-100,0.39647444810900845,0.39228233382200894,0.39828917645352657,0.3918096337432484,0.72524543592597568,0.72359217833848299,0.76173758271528658,0.72552729263905646,7.8646643717728137,9.0334636137244058,7.0310596310596276,9.1340273934698359
../images/51665/上衣/57f7ca93f90a8310f062aa4a.jpg,#ccccff,0.8819331248072603,0.08656769020661703,0.028106965064540287,0,0,0.04231093385921327,3,-100,-100,-100,-100,0.0056777816824218359,0.0025319402796872763,0.0027464791413954865,0.002536141561488809,0.66969932219001216,0.49211164760066328,0.48890544587480694,0.49399466410256049,4.2154604130808977,4.8040476272827899,3.2191119691119683,4.8251720738793571
../images/51907/上衣/57f7ca85f90a8310f062aa1d.jpg,#333333,0.9563155932022801,0.02120291939694209,0.018379415055138244,0,0,0.012480686237945548,1,-100,-100,-100,-100,0.40974145406311741,0.40537299015555078,0.41236775888777177,0.40526832825630049,0.77182645565750263,0.77325809261033751,0.81500559196902145,0.77378351432577619,4.2986316695352826,4.8943345323741001,3.5488030888030875,4.9004652047592714
../images/51907/上衣/57f7ca8cf90a8310f062aa31.jpg,#333333,0.8532708193793257,0.07666889930788122,0.05362804197365483,0,0,0.04609378490684062,2,-100,-100,-100,-100,0.0049970025139900601,0.0019276225589707383,0.0019654843573118988,0.0019242680496804924,0.63405802517145082,0.44932456878377836,0.42243514387103093,0.44942406779872657,5.0827151462994857,5.8566036593801876,4.9438009438009454,6.0717522136137223
../images/52103/上衣/57f7ca7af90a8310f062a9f6.jpg,#666699,0.6045995744488207,0.27678935216623657,0.09389288786273711,0,0,0.010288112394375756,0,-100,-100,-100,-100,0.32142146233384483,0.31742472628597884,0.32153964471918151,0.31712438596167192,0.63004192265925718,0.62163567059072256,0.64642736054089278,0.62143199074814492,6.3385800344234022,6.7508949571112318,5.2738953238953235,6.8650127974543462
../images/52183/上衣/57f7ca7cf90a8310f062a9fe.jpg,#9999cc,0.7112788503411235,0.11307882130933372,0.08269221464169933,0,0,0.06230921279309449,6,-100,-100,-100,-100,0.32710335035741683,0.32333284238503485,0.33064429737698714,0.3225773509990254,0.64021050371260535,0.63454674033374647,0.64666258758008066,0.63637675667185423,8.1685197934595557,8.7242148588821244,7.1827198627198623,8.5023779053680091
../images/52237/上衣/57f7ca76f90a8310f062a9e5.jpg,#333333,0.9285367301775787,0.05149241647325525,0.010201327791871323,0,0,0.013970965217625949,3,-100,-100,-100,-100,0.40961080958330476,0.40522612629046029,0.41239890496306192,0.40504197025592276,0.74035295755650377,0.73709662338509063,0.78439278469232498,0.73932682139561046,5.5284853700516337,6.2667491007194247,4.5429944229944228,6.221153846153844
../images/52277/上衣/57f7ca78f90a8310f062a9e9.jpg,#333333,0.8986949582198854,0.06778706224767628,0.03333020373673833,0.0,2,0.07025389159789948,1,-100,-100,-100,-100,0.35040834109427632,0.34597425670558135,0.35228343787803251,0.3458906961444056,0.73528767049873422,0.72834000298359214,0.74705812248583081,0.72071528416471775,8.0894664371772791,8.5724007332595455,6.9834234234234227,8.6703444936358611
../images/52343/上衣/57f7ca7cf90a8310f062a9fb.jpg,#666666,0.6048597598595226,0.16349485074272696,0.09933083384746809,0.14204545454545456,88,1.2713547591960561,4,-100,-100,-100,-100,0.0053884768234482086,0.0020317391651735431,0.0020331806618164405,0.0020416488270179338,0.61114376906797985,0.42004810775941215,0.38202102745248379,0.42383618316306798,23.197848537005182,24.66476722468181,23.782771342771351,24.351696527393468
../images/52509/上衣/57f7ca77f90a8310f062a9e7.jpg,#333366,0.45057633302927275,0.16738535533626336,0.15502943859358156,0.07407407407407407,27,0.3402138294342127,7,-100,-100,-100,-100,0.28892924543638038,0.28453430971719951,0.29075294987946215,0.28433840360070506,0.58575092977860699,0.57863583246805939,0.60920232157524423,0.58020863998284167,14.639698795180735,16.189834670724938,11.274989274989283,15.877204966795791
../images/52585/上衣/57f7ca6bf90a8310f062a9c9.jpg,#333333,0.8371796001056989,0.11415484893860653,0.024751167092398486,0.1875,4,0.20586794913416936,2,-100,-100,-100,-100,0.32020781959593975,0.31558507839166339,0.32153298046161616,0.31529306993651585,0.66751928910443203,0.66726443266518487,0.6973847478046562,0.66353442166863341,7.1326075731497394,8.1480959463198719,6.9650879450879435,8.0583840619811831
../images/52915/上衣/57f7ca64f90a8310f062a9a5.jpg,#333333,0.8966879367973261,0.053783044667274384,0.04314797933758736,0,0,0.011809888124838715,0,-100,-100,-100,-100,0.47318597224834918,0.46959941432824537,0.4747525201520697,0.46916574890050983,0.78054441891259496,0.7739742706894045,0.79063937902527714,0.77240098827045445,4.0165232358003431,4.5787475788599883,3.9451480051480012,4.5930755395683427
../images/53285/上衣/57f7ca54f90a8310f062a96c.jpg,#666666,0.3612002171445492,0.2677293589300696,0.1718896510881903,0.050000000000000003,5,0.7211679012193392,5,-100,-100,-100,-100,0.37377808968230924,0.36959816784987387,0.37584931004731514,0.36934656228791829,0.63647928884988103,0.63251859593724058,0.64073813319482098,0.6322089647899104,15.144741824440619,16.095678265080242,14.827438867438874,15.985386690647482
../images/53287/上衣/57f7ca52f90a8310f062a95e.jpg,#330000,0.4441165483750467,0.39364960776989166,0.1311916324243556,0.17857142857142858,7,0.10936370125356311,4,12.597375820027773,16.27192398593607,0.059105565835085257,20.787950569714393,0.002365722010244074,0.0023896794322469279,0.0030291277028085223,0.0024090390457833662,0.27328391278183173,0.27867415120048689,0.35887006970497565,0.28409950297841485,12.608855421686748,11.640650940785825,5.6603689403689357,11.460708356391807
../images/53287/上衣/57f7ca52f90a8310f062a961.jpg,#ffffff,0.59815456720207,0.253576136308158,0.1165844846946248,0.25,2,0.024613280916161013,0,0.0,2.7568097504180442,0.041501909442062217,42.749268999598108,0.36718167409927394,0.36294192774642309,0.36948377425044088,0.36299800102006419,0.68342986893908764,0.68701942715452724,0.74279255481307893,0.68389625858810799,9.9267125645438927,9.1632367183176502,3.076254826254825,9.3322149972329864
../images/53851/上衣/57f7ca42f90a8310f062a92c.jpg,#ffffff,0.9452574283929687,0.04059962523422861,0.0064245560810207904,0,0,0.012355117552191163,0,-100,-100,-100,-100,0.35763867413037931,0.35413730937527055,0.36739891515895384,0.35455420025647422,0.73968378207335783,0.73732791398906261,0.7855890359502069,0.74219874097274741,2.0657702237521525,2.3722935113447696,1.5659244959244958,2.3615453790813499
../images/53869/上衣/57f7ca3df90a8310f062a91c.jpg,#999999,0.6178352746190323,0.23382901339717324,0.11795037060908797,0,0,0.02203573113071888,3,-100,-100,-100,-100,0.34295313170249209,0.33919735549606844,0.34586024450631919,0.33900916293404582,0.63144193717668384,0.6271837683517888,0.63931846077769505,0.62631302929675847,6.820619621342507,7.094130464858881,5.257262977262978,7.0965256640841154
../images/54211/上衣/57f7ca33f90a8310f062a8f8.jpg,#ccccff,0.3986931291754035,0.3355927244355586,0.18652167552543034,0.15909090909090909,22,0.273592614273867,4,-100,-100,-100,-100,0.366957722354256,0.36419231106993943,0.37181322004114792,0.3640828754545572,0.65066519531042866,0.64919594256708801,0.67513124367070032,0.64922058883027822,10.642835628227193,10.360754185113448,6.6857142857142824,10.554246506640842
../images/54381/上衣/57f7ca24f90a8310f062a8af.jpg,#cccccc,0.576797673598872,0.2533045470567501,0.13605921748325697,0.0,5,0.2470744446403385,3,-100,-100,-100,-100,0.32702731614619268,0.32306092278782461,0.33003467675250164,0.32291313568919128,0.62832454893674772,0.62207613090358249,0.64624597581141452,0.62356452865059286,7.1564802065404489,7.9502585431654698,5.7154869154869141,7.9347027185943553
../images/54563/上衣/57f7ca1bf90a8310f062a88b.jpg,#ffffff,0.6323322383857344,0.12908650086031598,0.10464570624120131,0,0,0.23994111634412704,4,0.0,0.0,5.9120078429154574,67.710320483660396,0.27696186956764857,0.27299209189247586,0.28037660139455495,0.27300079186995785,0.70404183541233289,0.69321817677547115,0.73234708066833243,0.69565908071913773,3.1842771084337342,5.8270960154953002,5.2367996567996569,5.6867736579966781
../images/54581/上衣/57f7ca1cf90a8310f062a88e.jpg,#003333,0.3260402617513362,0.31764823417753135,0.18192716918927018,0.19196428571428573,112,0.5203690764355052,7,5.8878405775518976,15.173075568988057,3.390634779663912,38.0,0.34986303556060977,0.34611186356135043,0.35343667657361355,0.34517346553704992,0.62504077670221203,0.62188595188190821,0.63366614621763162,0.61932107198278197,20.529483648881261,21.741474128389584,17.831565851565841,22.511094009407856
../images/54809/上衣/57f7ca16f90a8310f062a877.jpg,#999999,0.8142567371776297,0.12015840819086256,0.03796001159084324,0.25,1,0.05677728667004806,3,16.349046451010917,16.349046451010917,0.03458841142247375,5.0400184240026062,0.37318817782193425,0.36872583524102531,0.37558559362819327,0.36871382709257244,0.62294237007194686,0.62291402789135775,0.66045057589453937,0.62264466557938336,18.322125645438895,13.798085570005526,7.962814242814245,14.155463129496408
../images/54911/上衣/57f7ca19f90a8310f062a884.jpg,#333333,0.9623467600700525,0.016998042649634285,0.014422581642113939,0,0,0.0042240552217950944,0,-100,-100,-100,-100,0.39320167531757227,0.38995772343787649,0.3970371506549758,0.38980652163126028,0.72958404662358411,0.72762239361251901,0.75359873676291178,0.7258996707816574,5.058795180722889,5.4278846153846141,3.9042299442299457,5.502083909795239
../images/55249/上衣/57f7ca08f90a8310f062a82d.jpg,#333333,0.9662261380323054,0.015915873241438113,0.012126379612524276,0.25,5,0.007151617853566625,0,-100,-100,-100,-100,0.35637920286074209,0.35255707393760038,0.3597637739504535,0.35248589157720356,0.74044976996546696,0.73866401162371409,0.77648986840555589,0.73937818444780601,4.8022117039586947,5.4657062811289441,3.7757786357786332,5.5448602656336421
../images/55409/上衣/57f7ca01f90a8310f062a810.jpg,#333333,0.3922659955473817,0.3342367631400639,0.2730132610589488,0.15714285714285714,35,0.10647209427601276,3,0.0,1.25,0.026924387961352443,3.1594654962860762,0.37016851307985815,0.36623454691131574,0.37362829550455029,0.36623108686505357,0.64032302448722223,0.63877131179788915,0.70186021049733194,0.63765929156289625,38.379974182444059,34.06862202545657,12.353993993993997,35.565370780298835
../images/55551/上衣/57f7ca04f90a8310f062a81e.jpg,#999999,0.9956166999392414,0.0029945317246766775,0.0006509851575384081,0,0,0.012259517542669525,2,-100,-100,-100,-100,0.31978273105638683,0.3164369936900594,0.32363219417247729,0.3161653271217581,0.63640858965639879,0.63408051717209024,0.65681756258332458,0.63033948731569056,4.5797762478485362,4.8549910071942453,3.4734191334191333,4.9931343386828981
../images/55627/上衣/57f7c9faf90a8310f062a7f1.jpg,#666699,0.6591364391969652,0.20455223562507993,0.11376326669792422,0.25,4,0.049339089649291124,3,-100,-100,-100,-100,0.31134970409977752,0.30734405164806861,0.31422930360954804,0.30742129110352462,0.61423641533329931,0.60952054217556584,0.62656002472617378,0.60950474538435118,6.5453270223752122,7.2721015495296042,5.4947833547833556,7.2614831211953463
../images/55635/上衣/57f7ca0cf90a8310f062a846.jpg,#999999,0.8778483885610531,0.070494779845665,0.03917385383567862,0,0,0.11391851771958605,4,-100,-100,-100,-100,0.3416097982846063,0.33802838779664557,0.34525084567008635,0.33791794183205326,0.63809882013852381,0.63582090682583414,0.66374512637209204,0.63598839944728902,6.2441135972461232,6.3393660071942453,3.9585757185757178,6.3745417127836186
../images/55859/上衣/57f7c9fdf90a8310f062a7fd.jpg,#333366,0.7496020737641548,0.20410205102551277,0.016508254127063533,0,0,0.003827299507512426,1,-100,-100,-100,-100,0.33605485917730427,0.33207003970655447,0.33897300829971355,0.33195421717905665,0.68512190714995147,0.68647242685952159,0.73063015610961557,0.68268472746743047,5.3762564543889848,5.9738516878804617,4.0662805662805681,6.0410037354731605
../images/55987/上衣/57f7c9f4f90a8310f062a7da.jpg,#ffffff,0.6073732718894009,0.14140189182634005,0.08183361629881154,0.125,78,0.4682109682625394,5,-100,-100,-100,-100,0.38099206795216267,0.37733093857425032,0.38384147538787183,0.37692511717742705,0.71233931210056456,0.71066449721831237,0.73442837831671115,0.70384417092469276,7.1989845094664355,9.0539741283895907,7.4762934362934397,8.4933245711123391
../images/56215/上衣/57f7c9f6f90a8310f062a7e4.jpg,#ffffff,0.9267938451876275,0.036583451091223115,0.026495525200188413,0,0,0.0024056518089028756,0,-100,-100,-100,-100,0.28861654405611131,0.2841805348239354,0.29581242167889527,0.28499948662300767,0.73247552476313738,0.72762853062521571,0.7769980214717136,0.72977299794944983,2.0084337349397594,2.4185026978417254,1.8560102960102962,2.4160642639734378
../images/56225/上衣/57f7ca02f90a8310f062a815.jpg,#333366,0.32495940395453243,0.30160473779730634,0.1720317126755182,0.20833333333333334,54,0.546154535408142,5,-100,-100,-100,-100,0.36606495782428972,0.36207739000374062,0.36914090505287411,0.36201403435191754,0.63268727820361292,0.62902022221361198,0.64452203550886578,0.62852280497223478,18.855989672977625,20.148632055893739,17.812561132561143,19.838899073049248
../images/56313/上衣/57f7c9f8f90a8310f062a7ed.jpg,#666666,0.5482871611557939,0.2685731307715222,0.15948763777182007,0,0,0.09354805086512404,5,-100,-100,-100,-100,0.012353691277280254,0.012101108374596537,0.012901275084608418,0.012284168028412371,0.35907329426419737,0.36393825866181184,0.4447981430976688,0.36698910839352933,12.492069707401042,12.162981633923625,8.6896010296010253,12.37560096153846
../images/56455/上衣/57f7c9eef90a8310f062a7bf.jpg,#333333,0.8883175462336491,0.079702300405954,0.02413170951736581,0,0,0.023309432005231234,1,-100,-100,-100,-100,0.34757467296651567,0.34423581184187158,0.35175347791255124,0.34459888812942679,0.75698919466964054,0.75391457290110164,0.78657279503680022,0.75298246892818432,12.480094664371769,11.996165087161042,9.3921921921921907,11.457340377697848
../images/56767/上衣/57f7c9e6f90a8310f062a790.jpg,#cccccc,0.6005859375,0.3793131510416667,0.012613932291666666,0,0,0.02184354869895285,1,-100,-100,-100,-100,0.2955845731215988,0.29181810433950506,0.29832020467792664,0.29154066442592108,0.67529897836995156,0.66567104430687984,0.69651944015715428,0.66299533997947191,3.5366695352839925,4.0776494189263959,2.8546289146289148,4.0633646928610956
../images/56899/上衣/57f7c9e4f90a8310f062a782.jpg,#ccccff,0.6265368295071265,0.19252529648569253,0.16178870634316178,0,0,0.09461986792799287,4,-100,-100,-100,-100,0.0032187396870491515,0.0032265066166966474,0.0035617927451260748,0.003180959758776968,0.3864244723868499,0.389684756104345,0.43006743505319311,0.38477672883652259,10.342852839931153,10.169708944382954,6.5028657228657254,10.244664845047026
../images/57607/上衣/57f7c9e1f90a8310f062a778.jpg,#333333,0.9415796783298239,0.04023117243851082,0.01205143138748264,0,0,0.00023540093824088242,0,-100,-100,-100,-100,0.32945372129963174,0.32589837046028364,0.3329731967396703,0.32563938352549432,0.72030358492214663,0.72031267596562909,0.75539560433921316,0.70858128893667094,4.8321944922547324,5.296987410071937,3.5296954096954103,5.4168684283342587
../images/57617/上衣/57f7c9d9f90a8310f062a74b.jpg,#ffffff,0.9457676804690363,0.04002280037457758,0.009079434876430113,0,0,2.0365458146437826e-05,0,-100,-100,-100,-100,0.30387542009999657,0.29996959531802259,0.30809930770998983,0.30012646456844916,0.77149101442858847,0.76680568028658747,0.81168116347658292,0.76784698141137531,1.7609552495697076,2.2588285141117872,1.7599141999141994,2.244137382401771
../images/57725/上衣/57f7ca03f90a8310f062a81b.jpg,#9999cc,0.944931216931217,0.03259259259259259,0.010624338624338625,0,0,0.029986506865624256,2,-100,-100,-100,-100,0.30720777747392325,0.30337274015166082,0.3102844534827161,0.30315590516200047,0.64778414356559733,0.64309539539147464,0.66401179500194019,0.6433253749228427,4.3367340791738389,4.5327718594355284,3.0997082797082807,4.5427158273381281
../images/57725/上衣/57f7ca1af90a8310f062a888.jpg,#333333,0.39614925098796067,0.337468982630273,0.18674754158625126,0.083333333333333329,3,0.0077348447001671,2,0.0,0.0,8.2999184118269902,10.64349334651382,0.34670818747389348,0.34271548441213218,0.34913925005166974,0.34263083189097437,0.71415607483645172,0.68895526971910082,0.70830719674140163,0.68895164992732771,5.0369793459552499,12.345116214720532,13.14405834405834,12.217721015495297
../images/57729/上衣/57f7ca2cf90a8310f062a8d7.jpg,#333333,0.3000168265185933,0.2204273935722699,0.1403892534634584,0.17391304347826086,23,1.2035908855370223,2,0.0,0.0,2.5949287021663183,100.88387163246441,0.020165948922935408,0.019389880646503006,0.021050569341174229,0.019284872892165208,0.48289671659181466,0.47251709476221038,0.48797192484334023,0.46956879195397611,20.370077452667811,21.269079447980083,17.107425997425999,21.582284172661868
../images/9803/上衣/57f7cdd0f90a8310f062b173.jpg,#ffffff,0.6827344035023714,0.13334549434512952,0.08952024808464064,0.15948275862068967,58,0.13184212927062902,4,-100,-100,-100,-100,0.35242720533288785,0.34885467144954257,0.35606148773336688,0.34882556449847357,0.74354245030776034,0.72971856320914508,0.76056790429939936,0.73183341083170395,4.9645955249569722,6.4427054510237918,4.308219648219648,6.4941027946873264
